experiment_name,experiment_kind,job_id,sweep_index,replication,metric_name,metric_value,units,estimator,status,warning_code,confidence_interval_lower,confidence_interval_upper,sample_size,roc_table,target_false_positive_rate,target_fpr
finite_sample_detection,finite_sample_detection,45187531840e,0,,auc,0.958466,dimensionless,likelihood_ratio,complete,,0.950589225,0.9662923625,10,tables/roc_n_10.csv,,
finite_sample_detection,finite_sample_detection,46624d6afce6,0,,minimum_equal_prior_error,0.106,probability,likelihood_ratio,complete,,0.09297499999999999,0.1162625,10,tables/roc_n_10.csv,,
finite_sample_detection,finite_sample_detection,eb6a52c8ba56,0,,theoretical_total_kl_bits,inf,bits,exact,complete,,,,10,tables/roc_n_10.csv,,
finite_sample_detection,finite_sample_detection,a5de77aa5d51,0,,tpr_at_fpr,0.579,probability,likelihood_ratio,complete,,0.428375,0.628525,10,tables/roc_n_10.csv,0.01,
finite_sample_detection,finite_sample_detection,7a278ea1da5b,0,,tpr_at_fpr,0.812,probability,likelihood_ratio,complete,,0.77095,0.85105,10,tables/roc_n_10.csv,0.05,
finite_sample_detection,finite_sample_detection,0343ba4c3db2,0,,tpr_at_fpr,0.88,probability,likelihood_ratio,complete,,0.855375,0.905525,10,tables/roc_n_10.csv,0.1,
finite_sample_detection,finite_sample_detection,3047c7e61018,0,,tpr_at_fpr,0.579,probability,exact,complete,,,,10,tables/roc_n_10.csv,,0.01
finite_sample_detection,finite_sample_detection,0eba1878827f,0,,tpr_at_fpr,0.812,probability,exact,complete,,,,10,tables/roc_n_10.csv,,0.05
finite_sample_detection,finite_sample_detection,dea2720afcab,0,,tpr_at_fpr,0.88,probability,exact,complete,,,,10,tables/roc_n_10.csv,,0.1
finite_sample_detection,finite_sample_detection,6cc178c78fbf,1,,auc,0.997257,dimensionless,likelihood_ratio,complete,,0.99609035,0.99852415,25,tables/roc_n_25.csv,,
finite_sample_detection,finite_sample_detection,c857e5b603c9,1,,minimum_equal_prior_error,0.02500000000000001,probability,likelihood_ratio,complete,,0.017500000000000005,0.029525000000000006,25,tables/roc_n_25.csv,,
finite_sample_detection,finite_sample_detection,807abd488757,1,,theoretical_total_kl_bits,inf,bits,exact,complete,,,,25,tables/roc_n_25.csv,,
finite_sample_detection,finite_sample_detection,91edc987f07c,1,,tpr_at_fpr,0.949,probability,likelihood_ratio,complete,,0.9159,0.972,25,tables/roc_n_25.csv,0.01,
finite_sample_detection,finite_sample_detection,db6b5623c583,1,,tpr_at_fpr,0.986,probability,likelihood_ratio,complete,,0.979,0.994,25,tables/roc_n_25.csv,0.05,
finite_sample_detection,finite_sample_detection,2cdc07adeda6,1,,tpr_at_fpr,0.993,probability,likelihood_ratio,complete,,0.988,0.998,25,tables/roc_n_25.csv,0.1,
finite_sample_detection,finite_sample_detection,94c051066f17,1,,tpr_at_fpr,0.949,probability,exact,complete,,,,25,tables/roc_n_25.csv,,0.01
finite_sample_detection,finite_sample_detection,d35889c21693,1,,tpr_at_fpr,0.986,probability,exact,complete,,,,25,tables/roc_n_25.csv,,0.05
finite_sample_detection,finite_sample_detection,b563aaa37249,1,,tpr_at_fpr,0.993,probability,exact,complete,,,,25,tables/roc_n_25.csv,,0.1
finite_sample_detection,finite_sample_detection,ed053b345250,2,,auc,0.9999250000000001,dimensionless,likelihood_ratio,complete,,0.99982885,1.0,50,tables/roc_n_50.csv,,
finite_sample_detection,finite_sample_detection,8b58727dd1d5,2,,minimum_equal_prior_error,0.002000000000000001,probability,likelihood_ratio,complete,,0.0,0.003500000000000002,50,tables/roc_n_50.csv,,
finite_sample_detection,finite_sample_detection,e979235aa9c7,2,,theoretical_total_kl_bits,inf,bits,exact,complete,,,,50,tables/roc_n_50.csv,,
finite_sample_detection,finite_sample_detection,94b5c6a35e23,2,,tpr_at_fpr,0.999,probability,likelihood_ratio,complete,,0.996,1.0,50,tables/roc_n_50.csv,0.01,
finite_sample_detection,finite_sample_detection,89445bf1b5f0,2,,tpr_at_fpr,0.999,probability,likelihood_ratio,complete,,0.997475,1.0,50,tables/roc_n_50.csv,0.05,
finite_sample_detection,finite_sample_detection,76763976fe6c,2,,tpr_at_fpr,1.0,probability,likelihood_ratio,complete,,1.0,1.0,50,tables/roc_n_50.csv,0.1,
finite_sample_detection,finite_sample_detection,07dbbf974efc,2,,tpr_at_fpr,0.999,probability,exact,complete,,,,50,tables/roc_n_50.csv,,0.01
finite_sample_detection,finite_sample_detection,fe0cfd19bd8d,2,,tpr_at_fpr,0.999,probability,exact,complete,,,,50,tables/roc_n_50.csv,,0.05
finite_sample_detection,finite_sample_detection,37f95a1d8019,2,,tpr_at_fpr,1.0,probability,exact,complete,,,,50,tables/roc_n_50.csv,,0.1
finite_sample_detection,finite_sample_detection,cffe87ea0deb,3,,auc,1.0,dimensionless,likelihood_ratio,complete,,1.0,1.0,100,tables/roc_n_100.csv,,
finite_sample_detection,finite_sample_detection,cfce373b8dc6,3,,minimum_equal_prior_error,0.0,probability,likelihood_ratio,complete,,0.0,0.0,100,tables/roc_n_100.csv,,
finite_sample_detection,finite_sample_detection,1b2710742bf1,3,,theoretical_total_kl_bits,inf,bits,exact,complete,,,,100,tables/roc_n_100.csv,,
finite_sample_detection,finite_sample_detection,8ba17039f496,3,,tpr_at_fpr,1.0,probability,likelihood_ratio,complete,,1.0,1.0,100,tables/roc_n_100.csv,0.01,
finite_sample_detection,finite_sample_detection,760748762c56,3,,tpr_at_fpr,1.0,probability,likelihood_ratio,complete,,1.0,1.0,100,tables/roc_n_100.csv,0.05,
finite_sample_detection,finite_sample_detection,97a86eeb5efd,3,,tpr_at_fpr,1.0,probability,likelihood_ratio,complete,,1.0,1.0,100,tables/roc_n_100.csv,0.1,
finite_sample_detection,finite_sample_detection,a1011341a0b9,3,,tpr_at_fpr,1.0,probability,exact,complete,,,,100,tables/roc_n_100.csv,,0.01
finite_sample_detection,finite_sample_detection,ade5c1a8d060,3,,tpr_at_fpr,1.0,probability,exact,complete,,,,100,tables/roc_n_100.csv,,0.05
finite_sample_detection,finite_sample_detection,e8d63d9d7664,3,,tpr_at_fpr,1.0,probability,exact,complete,,,,100,tables/roc_n_100.csv,,0.1
finite_sample_detection,finite_sample_detection,44be46ff64ec,4,,auc,1.0,dimensionless,likelihood_ratio,complete,,1.0,1.0,250,tables/roc_n_250.csv,,
finite_sample_detection,finite_sample_detection,5f8c878b6ab1,4,,minimum_equal_prior_error,0.0,probability,likelihood_ratio,complete,,0.0,0.0,250,tables/roc_n_250.csv,,
finite_sample_detection,finite_sample_detection,58e948d0a3ec,4,,theoretical_total_kl_bits,inf,bits,exact,complete,,,,250,tables/roc_n_250.csv,,
finite_sample_detection,finite_sample_detection,b04bcdaef26f,4,,tpr_at_fpr,1.0,probability,likelihood_ratio,complete,,1.0,1.0,250,tables/roc_n_250.csv,0.01,
finite_sample_detection,finite_sample_detection,495adb34c864,4,,tpr_at_fpr,1.0,probability,likelihood_ratio,complete,,1.0,1.0,250,tables/roc_n_250.csv,0.05,
finite_sample_detection,finite_sample_detection,5760555c4752,4,,tpr_at_fpr,1.0,probability,likelihood_ratio,complete,,1.0,1.0,250,tables/roc_n_250.csv,0.1,
finite_sample_detection,finite_sample_detection,ea020b459667,4,,tpr_at_fpr,1.0,probability,exact,complete,,,,250,tables/roc_n_250.csv,,0.01
finite_sample_detection,finite_sample_detection,46408c50c010,4,,tpr_at_fpr,1.0,probability,exact,complete,,,,250,tables/roc_n_250.csv,,0.05
finite_sample_detection,finite_sample_detection,9957174e7f5f,4,,tpr_at_fpr,1.0,probability,exact,complete,,,,250,tables/roc_n_250.csv,,0.1
finite_sample_detection,finite_sample_detection,72c809bf9684,5,,auc,1.0,dimensionless,likelihood_ratio,complete,,1.0,1.0,500,tables/roc_n_500.csv,,
finite_sample_detection,finite_sample_detection,57d85c88a273,5,,minimum_equal_prior_error,0.0,probability,likelihood_ratio,complete,,0.0,0.0,500,tables/roc_n_500.csv,,
finite_sample_detection,finite_sample_detection,fd5202e8a85d,5,,theoretical_total_kl_bits,inf,bits,exact,complete,,,,500,tables/roc_n_500.csv,,
finite_sample_detection,finite_sample_detection,116c2cd69300,5,,tpr_at_fpr,1.0,probability,likelihood_ratio,complete,,1.0,1.0,500,tables/roc_n_500.csv,0.01,
finite_sample_detection,finite_sample_detection,dcc909c89dd1,5,,tpr_at_fpr,1.0,probability,likelihood_ratio,complete,,1.0,1.0,500,tables/roc_n_500.csv,0.05,
finite_sample_detection,finite_sample_detection,ab9806552d74,5,,tpr_at_fpr,1.0,probability,likelihood_ratio,complete,,1.0,1.0,500,tables/roc_n_500.csv,0.1,
finite_sample_detection,finite_sample_detection,f44faa01a9f7,5,,tpr_at_fpr,1.0,probability,exact,complete,,,,500,tables/roc_n_500.csv,,0.01
finite_sample_detection,finite_sample_detection,7e945bb7c238,5,,tpr_at_fpr,1.0,probability,exact,complete,,,,500,tables/roc_n_500.csv,,0.05
finite_sample_detection,finite_sample_detection,4453523d88f2,5,,tpr_at_fpr,1.0,probability,exact,complete,,,,500,tables/roc_n_500.csv,,0.1
finite_sample_detection,finite_sample_detection,bfae75e3db73,6,,auc,1.0,dimensionless,likelihood_ratio,complete,,1.0,1.0,1000,tables/roc_n_1000.csv,,
finite_sample_detection,finite_sample_detection,6c52a7019db2,6,,minimum_equal_prior_error,0.0,probability,likelihood_ratio,complete,,0.0,0.0,1000,tables/roc_n_1000.csv,,
finite_sample_detection,finite_sample_detection,6090166fda51,6,,theoretical_total_kl_bits,inf,bits,exact,complete,,,,1000,tables/roc_n_1000.csv,,
finite_sample_detection,finite_sample_detection,d8527d9a1ca1,6,,tpr_at_fpr,1.0,probability,likelihood_ratio,complete,,1.0,1.0,1000,tables/roc_n_1000.csv,0.01,
finite_sample_detection,finite_sample_detection,5be4aabf3499,6,,tpr_at_fpr,1.0,probability,likelihood_ratio,complete,,1.0,1.0,1000,tables/roc_n_1000.csv,0.05,
finite_sample_detection,finite_sample_detection,66eb9a880f05,6,,tpr_at_fpr,1.0,probability,likelihood_ratio,complete,,1.0,1.0,1000,tables/roc_n_1000.csv,0.1,
finite_sample_detection,finite_sample_detection,e78a7b7d046b,6,,tpr_at_fpr,1.0,probability,exact,complete,,,,1000,tables/roc_n_1000.csv,,0.01
finite_sample_detection,finite_sample_detection,efc85c5b77a8,6,,tpr_at_fpr,1.0,probability,exact,complete,,,,1000,tables/roc_n_1000.csv,,0.05
finite_sample_detection,finite_sample_detection,0f739e9623e9,6,,tpr_at_fpr,1.0,probability,exact,complete,,,,1000,tables/roc_n_1000.csv,,0.1
finite_sample_detection,finite_sample_detection,6afbd359680c,7,,auc,1.0,dimensionless,likelihood_ratio,complete,,1.0,1.0,2500,tables/roc_n_2500.csv,,
finite_sample_detection,finite_sample_detection,224519060657,7,,minimum_equal_prior_error,0.0,probability,likelihood_ratio,complete,,0.0,0.0,2500,tables/roc_n_2500.csv,,
finite_sample_detection,finite_sample_detection,9cf898300acb,7,,theoretical_total_kl_bits,inf,bits,exact,complete,,,,2500,tables/roc_n_2500.csv,,
finite_sample_detection,finite_sample_detection,89d7d389cbc2,7,,tpr_at_fpr,1.0,probability,likelihood_ratio,complete,,1.0,1.0,2500,tables/roc_n_2500.csv,0.01,
finite_sample_detection,finite_sample_detection,ae9eb8e79cd7,7,,tpr_at_fpr,1.0,probability,likelihood_ratio,complete,,1.0,1.0,2500,tables/roc_n_2500.csv,0.05,
finite_sample_detection,finite_sample_detection,168a7f670bfa,7,,tpr_at_fpr,1.0,probability,likelihood_ratio,complete,,1.0,1.0,2500,tables/roc_n_2500.csv,0.1,
finite_sample_detection,finite_sample_detection,591119794c73,7,,tpr_at_fpr,1.0,probability,exact,complete,,,,2500,tables/roc_n_2500.csv,,0.01
finite_sample_detection,finite_sample_detection,4535471157ad,7,,tpr_at_fpr,1.0,probability,exact,complete,,,,2500,tables/roc_n_2500.csv,,0.05
finite_sample_detection,finite_sample_detection,026d4bf7f033,7,,tpr_at_fpr,1.0,probability,exact,complete,,,,2500,tables/roc_n_2500.csv,,0.1
finite_sample_detection,finite_sample_detection,52acc8e155b5,8,,auc,1.0,dimensionless,likelihood_ratio,complete,,1.0,1.0,5000,tables/roc_n_5000.csv,,
finite_sample_detection,finite_sample_detection,51167dd162db,8,,minimum_equal_prior_error,0.0,probability,likelihood_ratio,complete,,0.0,0.0,5000,tables/roc_n_5000.csv,,
finite_sample_detection,finite_sample_detection,01e0a97bebf6,8,,theoretical_total_kl_bits,inf,bits,exact,complete,,,,5000,tables/roc_n_5000.csv,,
finite_sample_detection,finite_sample_detection,0e2274ad65c0,8,,tpr_at_fpr,1.0,probability,likelihood_ratio,complete,,1.0,1.0,5000,tables/roc_n_5000.csv,0.01,
finite_sample_detection,finite_sample_detection,1fb435ac00a0,8,,tpr_at_fpr,1.0,probability,likelihood_ratio,complete,,1.0,1.0,5000,tables/roc_n_5000.csv,0.05,
finite_sample_detection,finite_sample_detection,8a0d3704f2cb,8,,tpr_at_fpr,1.0,probability,likelihood_ratio,complete,,1.0,1.0,5000,tables/roc_n_5000.csv,0.1,
finite_sample_detection,finite_sample_detection,9ace5eb7d795,8,,tpr_at_fpr,1.0,probability,exact,complete,,,,5000,tables/roc_n_5000.csv,,0.01
finite_sample_detection,finite_sample_detection,716fdb37274d,8,,tpr_at_fpr,1.0,probability,exact,complete,,,,5000,tables/roc_n_5000.csv,,0.05
finite_sample_detection,finite_sample_detection,a1934b65b0a5,8,,tpr_at_fpr,1.0,probability,exact,complete,,,,5000,tables/roc_n_5000.csv,,0.1
