experiment_name,experiment_kind,job_id,sweep_index,replication,metric_name,metric_value,units,estimator,status,warning_code,confidence_interval_lower,confidence_interval_upper,max_kl_bits,baseline_mode,symbol_index
detectability_frontier,detectability_frontier,2400badf0ed6,0,,achieved_kl_bits,0.0,bits,slsqp,complete,,,,0.001,channel_symbol,
detectability_frontier,detectability_frontier,2400badf0ed6,0,,constrained_capacity_bits_per_symbol,0.0,bits_per_symbol,slsqp,complete,,,,0.001,channel_symbol,
detectability_frontier,detectability_frontier,2400badf0ed6,0,,mean_delay,0.0,normalized_time,slsqp,complete,,,,0.001,channel_symbol,
detectability_frontier,detectability_frontier,2e2b5daa8b2b,0,,optimal_input_probability,1.0,probability,exact,complete,,,,0.001,channel_symbol,0.0
detectability_frontier,detectability_frontier,aa4af2444088,0,,optimal_input_probability,0.0,probability,exact,complete,,,,0.001,channel_symbol,1.0
detectability_frontier,detectability_frontier,6be8096a2e25,0,,optimizer_accepted,0.0,boolean,exact,complete,,,,0.001,channel_symbol,
detectability_frontier,detectability_frontier,6be8096a2e25,0,,optimizer_converged,0.0,boolean,exact,complete,,,,0.001,channel_symbol,
detectability_frontier,detectability_frontier,6be8096a2e25,0,,optimizer_feasible,1.0,boolean,exact,complete,,,,0.001,channel_symbol,
detectability_frontier,detectability_frontier,6be8096a2e25,0,,optimizer_iterations,1.0,iterations,exact,complete,,,,0.001,channel_symbol,
detectability_frontier,detectability_frontier,363e9b988425,1,,achieved_kl_bits,0.0,bits,slsqp,complete,,,,0.005,channel_symbol,
detectability_frontier,detectability_frontier,363e9b988425,1,,constrained_capacity_bits_per_symbol,0.0,bits_per_symbol,slsqp,complete,,,,0.005,channel_symbol,
detectability_frontier,detectability_frontier,363e9b988425,1,,mean_delay,0.0,normalized_time,slsqp,complete,,,,0.005,channel_symbol,
detectability_frontier,detectability_frontier,cbf910590a4a,1,,optimal_input_probability,1.0,probability,exact,complete,,,,0.005,channel_symbol,0.0
detectability_frontier,detectability_frontier,c3dfcba43f6a,1,,optimal_input_probability,0.0,probability,exact,complete,,,,0.005,channel_symbol,1.0
detectability_frontier,detectability_frontier,891f58604607,1,,optimizer_accepted,0.0,boolean,exact,complete,,,,0.005,channel_symbol,
detectability_frontier,detectability_frontier,891f58604607,1,,optimizer_converged,0.0,boolean,exact,complete,,,,0.005,channel_symbol,
detectability_frontier,detectability_frontier,891f58604607,1,,optimizer_feasible,1.0,boolean,exact,complete,,,,0.005,channel_symbol,
detectability_frontier,detectability_frontier,891f58604607,1,,optimizer_iterations,1.0,iterations,exact,complete,,,,0.005,channel_symbol,
detectability_frontier,detectability_frontier,3bf92968bde9,2,,achieved_kl_bits,0.0,bits,slsqp,complete,,,,0.01,channel_symbol,
detectability_frontier,detectability_frontier,3bf92968bde9,2,,constrained_capacity_bits_per_symbol,0.0,bits_per_symbol,slsqp,complete,,,,0.01,channel_symbol,
detectability_frontier,detectability_frontier,3bf92968bde9,2,,mean_delay,0.0,normalized_time,slsqp,complete,,,,0.01,channel_symbol,
detectability_frontier,detectability_frontier,b6bb54e07fe8,2,,optimal_input_probability,1.0,probability,exact,complete,,,,0.01,channel_symbol,0.0
detectability_frontier,detectability_frontier,bf3058d00358,2,,optimal_input_probability,0.0,probability,exact,complete,,,,0.01,channel_symbol,1.0
detectability_frontier,detectability_frontier,364ac8c15e61,2,,optimizer_accepted,0.0,boolean,exact,complete,,,,0.01,channel_symbol,
detectability_frontier,detectability_frontier,364ac8c15e61,2,,optimizer_converged,0.0,boolean,exact,complete,,,,0.01,channel_symbol,
detectability_frontier,detectability_frontier,364ac8c15e61,2,,optimizer_feasible,1.0,boolean,exact,complete,,,,0.01,channel_symbol,
detectability_frontier,detectability_frontier,364ac8c15e61,2,,optimizer_iterations,1.0,iterations,exact,complete,,,,0.01,channel_symbol,
detectability_frontier,detectability_frontier,ebb8ccd1da00,3,,achieved_kl_bits,0.0,bits,slsqp,complete,,,,0.02,channel_symbol,
detectability_frontier,detectability_frontier,ebb8ccd1da00,3,,constrained_capacity_bits_per_symbol,0.0,bits_per_symbol,slsqp,complete,,,,0.02,channel_symbol,
detectability_frontier,detectability_frontier,ebb8ccd1da00,3,,mean_delay,0.0,normalized_time,slsqp,complete,,,,0.02,channel_symbol,
detectability_frontier,detectability_frontier,1a3c1478ed9f,3,,optimal_input_probability,1.0,probability,exact,complete,,,,0.02,channel_symbol,0.0
detectability_frontier,detectability_frontier,2bc972baa1a6,3,,optimal_input_probability,0.0,probability,exact,complete,,,,0.02,channel_symbol,1.0
detectability_frontier,detectability_frontier,b69c7f0c18ea,3,,optimizer_accepted,0.0,boolean,exact,complete,,,,0.02,channel_symbol,
detectability_frontier,detectability_frontier,b69c7f0c18ea,3,,optimizer_converged,0.0,boolean,exact,complete,,,,0.02,channel_symbol,
detectability_frontier,detectability_frontier,b69c7f0c18ea,3,,optimizer_feasible,1.0,boolean,exact,complete,,,,0.02,channel_symbol,
detectability_frontier,detectability_frontier,b69c7f0c18ea,3,,optimizer_iterations,1.0,iterations,exact,complete,,,,0.02,channel_symbol,
detectability_frontier,detectability_frontier,ca6b74f42b9a,4,,achieved_kl_bits,0.0,bits,slsqp,complete,,,,0.05,channel_symbol,
detectability_frontier,detectability_frontier,ca6b74f42b9a,4,,constrained_capacity_bits_per_symbol,0.0,bits_per_symbol,slsqp,complete,,,,0.05,channel_symbol,
detectability_frontier,detectability_frontier,ca6b74f42b9a,4,,mean_delay,0.0,normalized_time,slsqp,complete,,,,0.05,channel_symbol,
detectability_frontier,detectability_frontier,64c10d25626f,4,,optimal_input_probability,1.0,probability,exact,complete,,,,0.05,channel_symbol,0.0
detectability_frontier,detectability_frontier,f6a48857b806,4,,optimal_input_probability,0.0,probability,exact,complete,,,,0.05,channel_symbol,1.0
detectability_frontier,detectability_frontier,e6288977616f,4,,optimizer_accepted,0.0,boolean,exact,complete,,,,0.05,channel_symbol,
detectability_frontier,detectability_frontier,e6288977616f,4,,optimizer_converged,0.0,boolean,exact,complete,,,,0.05,channel_symbol,
detectability_frontier,detectability_frontier,e6288977616f,4,,optimizer_feasible,1.0,boolean,exact,complete,,,,0.05,channel_symbol,
detectability_frontier,detectability_frontier,e6288977616f,4,,optimizer_iterations,1.0,iterations,exact,complete,,,,0.05,channel_symbol,
detectability_frontier,detectability_frontier,2e5dddec3071,5,,achieved_kl_bits,0.0,bits,slsqp,complete,,,,0.1,channel_symbol,
detectability_frontier,detectability_frontier,2e5dddec3071,5,,constrained_capacity_bits_per_symbol,0.0,bits_per_symbol,slsqp,complete,,,,0.1,channel_symbol,
detectability_frontier,detectability_frontier,2e5dddec3071,5,,mean_delay,0.0,normalized_time,slsqp,complete,,,,0.1,channel_symbol,
detectability_frontier,detectability_frontier,258407c942e5,5,,optimal_input_probability,1.0,probability,exact,complete,,,,0.1,channel_symbol,0.0
detectability_frontier,detectability_frontier,63cb0a94222f,5,,optimal_input_probability,0.0,probability,exact,complete,,,,0.1,channel_symbol,1.0
detectability_frontier,detectability_frontier,05daeccad977,5,,optimizer_accepted,0.0,boolean,exact,complete,,,,0.1,channel_symbol,
detectability_frontier,detectability_frontier,05daeccad977,5,,optimizer_converged,0.0,boolean,exact,complete,,,,0.1,channel_symbol,
detectability_frontier,detectability_frontier,05daeccad977,5,,optimizer_feasible,1.0,boolean,exact,complete,,,,0.1,channel_symbol,
detectability_frontier,detectability_frontier,05daeccad977,5,,optimizer_iterations,1.0,iterations,exact,complete,,,,0.1,channel_symbol,
