experiment_name,experiment_kind,job_id,sweep_index,replication,metric_name,metric_value,units,estimator,status,warning_code,confidence_interval_lower,confidence_interval_upper,max_kl_bits,baseline_mode,grid_resolution,symbol_index
detectability_frontier,detectability_frontier,0e0add4fb110,0,,achieved_kl_bits,9.947200730516574e-05,bits,slsqp,complete,,,,0.0001,input_distribution,,
detectability_frontier,detectability_frontier,0e0add4fb110,0,,constrained_capacity_bits_per_symbol,0.013342852229440944,bits_per_symbol,slsqp,complete,,,,0.0001,input_distribution,,
detectability_frontier,detectability_frontier,ec21f5cdc773,0,,grid_best_capacity,0.013011230518124159,bits_per_symbol,binary_grid_validation,complete,,,,0.0001,input_distribution,1001.0,
detectability_frontier,detectability_frontier,0e0add4fb110,0,,mean_delay,0.019499999999999962,normalized_time,slsqp,complete,,,,0.0001,input_distribution,,
detectability_frontier,detectability_frontier,863a72252fc7,0,,optimal_input_probability,0.9805,probability,exact,complete,,,,0.0001,input_distribution,,0.0
detectability_frontier,detectability_frontier,219ce24b3976,0,,optimal_input_probability,0.019499999999999962,probability,exact,complete,,,,0.0001,input_distribution,,1.0
detectability_frontier,detectability_frontier,e3957dbae588,0,,optimizer_accepted,1.0,boolean,exact,complete,,,,0.0001,input_distribution,,
detectability_frontier,detectability_frontier,e3957dbae588,0,,optimizer_converged,1.0,boolean,exact,complete,,,,0.0001,input_distribution,,
detectability_frontier,detectability_frontier,e3957dbae588,0,,optimizer_feasible,1.0,boolean,exact,complete,,,,0.0001,input_distribution,,
detectability_frontier,detectability_frontier,ec21f5cdc773,0,,optimizer_grid_difference,0.0003316217113167857,bits_per_symbol,binary_grid_validation,complete,,,,0.0001,input_distribution,1001.0,
detectability_frontier,detectability_frontier,e3957dbae588,0,,optimizer_iterations,10001.0,iterations,exact,complete,,,,0.0001,input_distribution,,
detectability_frontier,detectability_frontier,f854064bc69c,1,,achieved_kl_bits,0.00019945360486626888,bits,slsqp,complete,,,,0.0002,input_distribution,,
detectability_frontier,detectability_frontier,f854064bc69c,1,,constrained_capacity_bits_per_symbol,0.015976759563798407,bits_per_symbol,slsqp,complete,,,,0.0002,input_distribution,,
detectability_frontier,detectability_frontier,502e44e34426,1,,grid_best_capacity,0.015649362724940528,bits_per_symbol,binary_grid_validation,complete,,,,0.0002,input_distribution,1001.0,
detectability_frontier,detectability_frontier,f854064bc69c,1,,mean_delay,0.023499999999999965,normalized_time,slsqp,complete,,,,0.0002,input_distribution,,
detectability_frontier,detectability_frontier,b583bff07ddd,1,,optimal_input_probability,0.9765,probability,exact,complete,,,,0.0002,input_distribution,,0.0
detectability_frontier,detectability_frontier,6361d8a897fb,1,,optimal_input_probability,0.023499999999999965,probability,exact,complete,,,,0.0002,input_distribution,,1.0
detectability_frontier,detectability_frontier,a2fe23a262bf,1,,optimizer_accepted,1.0,boolean,exact,complete,,,,0.0002,input_distribution,,
detectability_frontier,detectability_frontier,a2fe23a262bf,1,,optimizer_converged,1.0,boolean,exact,complete,,,,0.0002,input_distribution,,
detectability_frontier,detectability_frontier,a2fe23a262bf,1,,optimizer_feasible,1.0,boolean,exact,complete,,,,0.0002,input_distribution,,
detectability_frontier,detectability_frontier,502e44e34426,1,,optimizer_grid_difference,0.0003273968388578796,bits_per_symbol,binary_grid_validation,complete,,,,0.0002,input_distribution,1001.0,
detectability_frontier,detectability_frontier,a2fe23a262bf,1,,optimizer_iterations,10001.0,iterations,exact,complete,,,,0.0002,input_distribution,,
detectability_frontier,detectability_frontier,164c138de1b8,2,,achieved_kl_bits,0.0004991115833039621,bits,slsqp,complete,,,,0.0005,input_distribution,,
detectability_frontier,detectability_frontier,164c138de1b8,2,,constrained_capacity_bits_per_symbol,0.021144879449197733,bits_per_symbol,slsqp,complete,,,,0.0005,input_distribution,,
detectability_frontier,detectability_frontier,1bb3b9475cc3,2,,grid_best_capacity,0.02082569856264551,bits_per_symbol,binary_grid_validation,complete,,,,0.0005,input_distribution,1001.0,
detectability_frontier,detectability_frontier,164c138de1b8,2,,mean_delay,0.03149999999999997,normalized_time,slsqp,complete,,,,0.0005,input_distribution,,
detectability_frontier,detectability_frontier,c21743eae155,2,,optimal_input_probability,0.9685,probability,exact,complete,,,,0.0005,input_distribution,,0.0
detectability_frontier,detectability_frontier,0bfcd8fe1173,2,,optimal_input_probability,0.03149999999999997,probability,exact,complete,,,,0.0005,input_distribution,,1.0
detectability_frontier,detectability_frontier,d0b366920e18,2,,optimizer_accepted,1.0,boolean,exact,complete,,,,0.0005,input_distribution,,
detectability_frontier,detectability_frontier,d0b366920e18,2,,optimizer_converged,1.0,boolean,exact,complete,,,,0.0005,input_distribution,,
detectability_frontier,detectability_frontier,d0b366920e18,2,,optimizer_feasible,1.0,boolean,exact,complete,,,,0.0005,input_distribution,,
detectability_frontier,detectability_frontier,1bb3b9475cc3,2,,optimizer_grid_difference,0.00031918088655222276,bits_per_symbol,binary_grid_validation,complete,,,,0.0005,input_distribution,1001.0,
detectability_frontier,detectability_frontier,d0b366920e18,2,,optimizer_iterations,10001.0,iterations,exact,complete,,,,0.0005,input_distribution,,
detectability_frontier,detectability_frontier,09cd66ac8b5d,3,,achieved_kl_bits,0.0009966196567548391,bits,slsqp,complete,,,,0.001,input_distribution,,
detectability_frontier,detectability_frontier,09cd66ac8b5d,3,,constrained_capacity_bits_per_symbol,0.026866968695861485,bits_per_symbol,slsqp,complete,,,,0.001,input_distribution,,
detectability_frontier,detectability_frontier,3c57d602b372,3,,grid_best_capacity,0.026494705727023074,bits_per_symbol,binary_grid_validation,complete,,,,0.001,input_distribution,1001.0,
detectability_frontier,detectability_frontier,09cd66ac8b5d,3,,mean_delay,0.04059999999999997,normalized_time,slsqp,complete,,,,0.001,input_distribution,,
detectability_frontier,detectability_frontier,cf3f8b551a54,3,,optimal_input_probability,0.9594,probability,exact,complete,,,,0.001,input_distribution,,0.0
detectability_frontier,detectability_frontier,df5cfa1b2689,3,,optimal_input_probability,0.04059999999999997,probability,exact,complete,,,,0.001,input_distribution,,1.0
detectability_frontier,detectability_frontier,5f28960a60ea,3,,optimizer_accepted,1.0,boolean,exact,complete,,,,0.001,input_distribution,,
detectability_frontier,detectability_frontier,5f28960a60ea,3,,optimizer_converged,1.0,boolean,exact,complete,,,,0.001,input_distribution,,
detectability_frontier,detectability_frontier,5f28960a60ea,3,,optimizer_feasible,1.0,boolean,exact,complete,,,,0.001,input_distribution,,
detectability_frontier,detectability_frontier,3c57d602b372,3,,optimizer_grid_difference,0.0003722629688384105,bits_per_symbol,binary_grid_validation,complete,,,,0.001,input_distribution,1001.0,
detectability_frontier,detectability_frontier,5f28960a60ea,3,,optimizer_iterations,10001.0,iterations,exact,complete,,,,0.001,input_distribution,,
detectability_frontier,detectability_frontier,75a90e895b75,4,,achieved_kl_bits,0.001994028267616144,bits,slsqp,complete,,,,0.002,input_distribution,,
detectability_frontier,detectability_frontier,75a90e895b75,4,,constrained_capacity_bits_per_symbol,0.03482304633703336,bits_per_symbol,slsqp,complete,,,,0.002,input_distribution,,
detectability_frontier,detectability_frontier,d29c6974e45f,4,,grid_best_capacity,0.034406086169604395,bits_per_symbol,binary_grid_validation,complete,,,,0.002,input_distribution,1001.0,
detectability_frontier,detectability_frontier,75a90e895b75,4,,mean_delay,0.05369999999999997,normalized_time,slsqp,complete,,,,0.002,input_distribution,,
detectability_frontier,detectability_frontier,503c5b7eb19c,4,,optimal_input_probability,0.9463,probability,exact,complete,,,,0.002,input_distribution,,0.0
detectability_frontier,detectability_frontier,45b9b9370614,4,,optimal_input_probability,0.05369999999999997,probability,exact,complete,,,,0.002,input_distribution,,1.0
detectability_frontier,detectability_frontier,a3665730e7c0,4,,optimizer_accepted,1.0,boolean,exact,complete,,,,0.002,input_distribution,,
detectability_frontier,detectability_frontier,a3665730e7c0,4,,optimizer_converged,1.0,boolean,exact,complete,,,,0.002,input_distribution,,
detectability_frontier,detectability_frontier,a3665730e7c0,4,,optimizer_feasible,1.0,boolean,exact,complete,,,,0.002,input_distribution,,
detectability_frontier,detectability_frontier,d29c6974e45f,4,,optimizer_grid_difference,0.00041696016742896747,bits_per_symbol,binary_grid_validation,complete,,,,0.002,input_distribution,1001.0,
detectability_frontier,detectability_frontier,a3665730e7c0,4,,optimizer_iterations,10001.0,iterations,exact,complete,,,,0.002,input_distribution,,
detectability_frontier,detectability_frontier,1ac3e6d5e82e,5,,achieved_kl_bits,0.004998362641470733,bits,slsqp,complete,,,,0.005,input_distribution,,
detectability_frontier,detectability_frontier,1ac3e6d5e82e,5,,constrained_capacity_bits_per_symbol,0.05006742058373487,bits_per_symbol,slsqp,complete,,,,0.005,input_distribution,,
detectability_frontier,detectability_frontier,a7c72b479d9f,5,,grid_best_capacity,0.049848273215223726,bits_per_symbol,binary_grid_validation,complete,,,,0.005,input_distribution,1001.0,
detectability_frontier,detectability_frontier,1ac3e6d5e82e,5,,mean_delay,0.08039999999999992,normalized_time,slsqp,complete,,,,0.005,input_distribution,,
detectability_frontier,detectability_frontier,719e37f4def2,5,,optimal_input_probability,0.9196000000000001,probability,exact,complete,,,,0.005,input_distribution,,0.0
detectability_frontier,detectability_frontier,ec6522d40070,5,,optimal_input_probability,0.08039999999999992,probability,exact,complete,,,,0.005,input_distribution,,1.0
detectability_frontier,detectability_frontier,08bf84397edb,5,,optimizer_accepted,1.0,boolean,exact,complete,,,,0.005,input_distribution,,
detectability_frontier,detectability_frontier,08bf84397edb,5,,optimizer_converged,1.0,boolean,exact,complete,,,,0.005,input_distribution,,
detectability_frontier,detectability_frontier,08bf84397edb,5,,optimizer_feasible,1.0,boolean,exact,complete,,,,0.005,input_distribution,,
detectability_frontier,detectability_frontier,a7c72b479d9f,5,,optimizer_grid_difference,0.00021914736851114114,bits_per_symbol,binary_grid_validation,complete,,,,0.005,input_distribution,1001.0,
detectability_frontier,detectability_frontier,08bf84397edb,5,,optimizer_iterations,10001.0,iterations,exact,complete,,,,0.005,input_distribution,,
detectability_frontier,detectability_frontier,732b85dd6832,6,,achieved_kl_bits,0.009994777372167862,bits,slsqp,complete,,,,0.01,input_distribution,,
detectability_frontier,detectability_frontier,732b85dd6832,6,,constrained_capacity_bits_per_symbol,0.06619029785210835,bits_per_symbol,slsqp,complete,,,,0.01,input_distribution,,
detectability_frontier,detectability_frontier,f932609ae526,6,,grid_best_capacity,0.0660412295790077,bits_per_symbol,binary_grid_validation,complete,,,,0.01,input_distribution,1001.0,
detectability_frontier,detectability_frontier,732b85dd6832,6,,mean_delay,0.11129999999999995,normalized_time,slsqp,complete,,,,0.01,input_distribution,,
detectability_frontier,detectability_frontier,d88e630f5853,6,,optimal_input_probability,0.8887,probability,exact,complete,,,,0.01,input_distribution,,0.0
detectability_frontier,detectability_frontier,d008e8e5f390,6,,optimal_input_probability,0.11129999999999995,probability,exact,complete,,,,0.01,input_distribution,,1.0
detectability_frontier,detectability_frontier,eed14ff6c006,6,,optimizer_accepted,1.0,boolean,exact,complete,,,,0.01,input_distribution,,
detectability_frontier,detectability_frontier,eed14ff6c006,6,,optimizer_converged,1.0,boolean,exact,complete,,,,0.01,input_distribution,,
detectability_frontier,detectability_frontier,eed14ff6c006,6,,optimizer_feasible,1.0,boolean,exact,complete,,,,0.01,input_distribution,,
detectability_frontier,detectability_frontier,f932609ae526,6,,optimizer_grid_difference,0.0001490682731006554,bits_per_symbol,binary_grid_validation,complete,,,,0.01,input_distribution,1001.0,
detectability_frontier,detectability_frontier,eed14ff6c006,6,,optimizer_iterations,10001.0,iterations,exact,complete,,,,0.01,input_distribution,,
detectability_frontier,detectability_frontier,9a061b2ba528,7,,achieved_kl_bits,0.019987279919606263,bits,slsqp,complete,,,,0.02,input_distribution,,
detectability_frontier,detectability_frontier,9a061b2ba528,7,,constrained_capacity_bits_per_symbol,0.08702239301205127,bits_per_symbol,slsqp,complete,,,,0.02,input_distribution,,
detectability_frontier,detectability_frontier,c8e9ed7231a1,7,,grid_best_capacity,0.08685102387782186,bits_per_symbol,binary_grid_validation,complete,,,,0.02,input_distribution,1001.0,
detectability_frontier,detectability_frontier,9a061b2ba528,7,,mean_delay,0.15639999999999998,normalized_time,slsqp,complete,,,,0.02,input_distribution,,
detectability_frontier,detectability_frontier,00d9e20225ff,7,,optimal_input_probability,0.8436,probability,exact,complete,,,,0.02,input_distribution,,0.0
detectability_frontier,detectability_frontier,2edf149796e0,7,,optimal_input_probability,0.15639999999999998,probability,exact,complete,,,,0.02,input_distribution,,1.0
detectability_frontier,detectability_frontier,c3e0cb04bb77,7,,optimizer_accepted,1.0,boolean,exact,complete,,,,0.02,input_distribution,,
detectability_frontier,detectability_frontier,c3e0cb04bb77,7,,optimizer_converged,1.0,boolean,exact,complete,,,,0.02,input_distribution,,
detectability_frontier,detectability_frontier,c3e0cb04bb77,7,,optimizer_feasible,1.0,boolean,exact,complete,,,,0.02,input_distribution,,
detectability_frontier,detectability_frontier,c8e9ed7231a1,7,,optimizer_grid_difference,0.00017136913422940991,bits_per_symbol,binary_grid_validation,complete,,,,0.02,input_distribution,1001.0,
detectability_frontier,detectability_frontier,c3e0cb04bb77,7,,optimizer_iterations,10001.0,iterations,exact,complete,,,,0.02,input_distribution,,
detectability_frontier,detectability_frontier,a061eaae36f7,8,,achieved_kl_bits,0.04999744322443483,bits,slsqp,complete,,,,0.05,input_distribution,,
detectability_frontier,detectability_frontier,a061eaae36f7,8,,constrained_capacity_bits_per_symbol,0.12098523071411614,bits_per_symbol,slsqp,complete,,,,0.05,input_distribution,,
detectability_frontier,detectability_frontier,5d31ef4b6296,8,,grid_best_capacity,0.12098523071411614,bits_per_symbol,binary_grid_validation,complete,,,,0.05,input_distribution,1001.0,
detectability_frontier,detectability_frontier,a061eaae36f7,8,,mean_delay,0.25,normalized_time,slsqp,complete,,,,0.05,input_distribution,,
detectability_frontier,detectability_frontier,77a88f46d76b,8,,optimal_input_probability,0.75,probability,exact,complete,,,,0.05,input_distribution,,0.0
detectability_frontier,detectability_frontier,d69f7eb6a408,8,,optimal_input_probability,0.25,probability,exact,complete,,,,0.05,input_distribution,,1.0
detectability_frontier,detectability_frontier,1e95dd1f34d1,8,,optimizer_accepted,1.0,boolean,exact,complete,,,,0.05,input_distribution,,
detectability_frontier,detectability_frontier,1e95dd1f34d1,8,,optimizer_converged,1.0,boolean,exact,complete,,,,0.05,input_distribution,,
detectability_frontier,detectability_frontier,1e95dd1f34d1,8,,optimizer_feasible,1.0,boolean,exact,complete,,,,0.05,input_distribution,,
detectability_frontier,detectability_frontier,5d31ef4b6296,8,,optimizer_grid_difference,0.0,bits_per_symbol,binary_grid_validation,complete,,,,0.05,input_distribution,1001.0,
detectability_frontier,detectability_frontier,1e95dd1f34d1,8,,optimizer_iterations,10001.0,iterations,exact,complete,,,,0.05,input_distribution,,
detectability_frontier,detectability_frontier,3213b7f98b7f,9,,achieved_kl_bits,0.09996817537760112,bits,slsqp,complete,,,,0.1,input_distribution,,
detectability_frontier,detectability_frontier,3213b7f98b7f,9,,constrained_capacity_bits_per_symbol,0.14646983308190095,bits_per_symbol,slsqp,complete,,,,0.1,input_distribution,,
detectability_frontier,detectability_frontier,e27355372edc,9,,grid_best_capacity,0.14640439609962033,bits_per_symbol,binary_grid_validation,complete,,,,0.1,input_distribution,1001.0,
detectability_frontier,detectability_frontier,3213b7f98b7f,9,,mean_delay,0.36039999999999994,normalized_time,slsqp,complete,,,,0.1,input_distribution,,
detectability_frontier,detectability_frontier,ece2127d37ea,9,,optimal_input_probability,0.6396000000000001,probability,exact,complete,,,,0.1,input_distribution,,0.0
detectability_frontier,detectability_frontier,c59df08cc8fc,9,,optimal_input_probability,0.36039999999999994,probability,exact,complete,,,,0.1,input_distribution,,1.0
detectability_frontier,detectability_frontier,4f550c5b7a02,9,,optimizer_accepted,1.0,boolean,exact,complete,,,,0.1,input_distribution,,
detectability_frontier,detectability_frontier,4f550c5b7a02,9,,optimizer_converged,1.0,boolean,exact,complete,,,,0.1,input_distribution,,
detectability_frontier,detectability_frontier,4f550c5b7a02,9,,optimizer_feasible,1.0,boolean,exact,complete,,,,0.1,input_distribution,,
detectability_frontier,detectability_frontier,e27355372edc,9,,optimizer_grid_difference,6.543698228062e-05,bits_per_symbol,binary_grid_validation,complete,,,,0.1,input_distribution,1001.0,
detectability_frontier,detectability_frontier,4f550c5b7a02,9,,optimizer_iterations,10001.0,iterations,exact,complete,,,,0.1,input_distribution,,
detectability_frontier,detectability_frontier,79b920653abc,10,,achieved_kl_bits,0.14994180440675894,bits,slsqp,complete,,,,0.15,input_distribution,,
detectability_frontier,detectability_frontier,79b920653abc,10,,constrained_capacity_bits_per_symbol,0.15623167721516298,bits_per_symbol,slsqp,complete,,,,0.15,input_distribution,,
detectability_frontier,detectability_frontier,5a54fb8d99d2,10,,grid_best_capacity,0.15618289440440447,bits_per_symbol,binary_grid_validation,complete,,,,0.15,input_distribution,1001.0,
detectability_frontier,detectability_frontier,79b920653abc,10,,mean_delay,0.4478,normalized_time,slsqp,complete,,,,0.15,input_distribution,,
detectability_frontier,detectability_frontier,26e6085bf1d0,10,,optimal_input_probability,0.5522,probability,exact,complete,,,,0.15,input_distribution,,0.0
detectability_frontier,detectability_frontier,f312516fd771,10,,optimal_input_probability,0.4478,probability,exact,complete,,,,0.15,input_distribution,,1.0
detectability_frontier,detectability_frontier,5f1ae3572dd5,10,,optimizer_accepted,1.0,boolean,exact,complete,,,,0.15,input_distribution,,
detectability_frontier,detectability_frontier,5f1ae3572dd5,10,,optimizer_converged,1.0,boolean,exact,complete,,,,0.15,input_distribution,,
detectability_frontier,detectability_frontier,5f1ae3572dd5,10,,optimizer_feasible,1.0,boolean,exact,complete,,,,0.15,input_distribution,,
detectability_frontier,detectability_frontier,5a54fb8d99d2,10,,optimizer_grid_difference,4.8782810758513095e-05,bits_per_symbol,binary_grid_validation,complete,,,,0.15,input_distribution,1001.0,
detectability_frontier,detectability_frontier,5f1ae3572dd5,10,,optimizer_iterations,10001.0,iterations,exact,complete,,,,0.15,input_distribution,,
detectability_frontier,detectability_frontier,1e1a59b627ab,11,,achieved_kl_bits,0.1840408328537561,bits,slsqp,complete,,,,0.2,input_distribution,,
detectability_frontier,detectability_frontier,1e1a59b627ab,11,,constrained_capacity_bits_per_symbol,0.15780989932970252,bits_per_symbol,slsqp,complete,,,,0.2,input_distribution,,
detectability_frontier,detectability_frontier,4516ecff0661,11,,grid_best_capacity,0.15780989932970252,bits_per_symbol,binary_grid_validation,complete,,,,0.2,input_distribution,1001.0,
detectability_frontier,detectability_frontier,1e1a59b627ab,11,,mean_delay,0.5,normalized_time,slsqp,complete,,,,0.2,input_distribution,,
detectability_frontier,detectability_frontier,235ea23e7d4c,11,,optimal_input_probability,0.5,probability,exact,complete,,,,0.2,input_distribution,,0.0
detectability_frontier,detectability_frontier,0760d271cb76,11,,optimal_input_probability,0.5,probability,exact,complete,,,,0.2,input_distribution,,1.0
detectability_frontier,detectability_frontier,1a3e884b7457,11,,optimizer_accepted,1.0,boolean,exact,complete,,,,0.2,input_distribution,,
detectability_frontier,detectability_frontier,1a3e884b7457,11,,optimizer_converged,1.0,boolean,exact,complete,,,,0.2,input_distribution,,
detectability_frontier,detectability_frontier,1a3e884b7457,11,,optimizer_feasible,1.0,boolean,exact,complete,,,,0.2,input_distribution,,
detectability_frontier,detectability_frontier,4516ecff0661,11,,optimizer_grid_difference,0.0,bits_per_symbol,binary_grid_validation,complete,,,,0.2,input_distribution,1001.0,
detectability_frontier,detectability_frontier,1a3e884b7457,11,,optimizer_iterations,10001.0,iterations,exact,complete,,,,0.2,input_distribution,,
detectability_frontier,detectability_frontier,de70dec48bf8,12,,achieved_kl_bits,0.1840408328537561,bits,slsqp,complete,,,,0.3,input_distribution,,
detectability_frontier,detectability_frontier,de70dec48bf8,12,,constrained_capacity_bits_per_symbol,0.15780989932970252,bits_per_symbol,slsqp,complete,,,,0.3,input_distribution,,
detectability_frontier,detectability_frontier,bce55bd6ba49,12,,grid_best_capacity,0.15780989932970252,bits_per_symbol,binary_grid_validation,complete,,,,0.3,input_distribution,1001.0,
detectability_frontier,detectability_frontier,de70dec48bf8,12,,mean_delay,0.5,normalized_time,slsqp,complete,,,,0.3,input_distribution,,
detectability_frontier,detectability_frontier,33bbe3197101,12,,optimal_input_probability,0.5,probability,exact,complete,,,,0.3,input_distribution,,0.0
detectability_frontier,detectability_frontier,d63421f1f542,12,,optimal_input_probability,0.5,probability,exact,complete,,,,0.3,input_distribution,,1.0
detectability_frontier,detectability_frontier,7d13d6681f7a,12,,optimizer_accepted,1.0,boolean,exact,complete,,,,0.3,input_distribution,,
detectability_frontier,detectability_frontier,7d13d6681f7a,12,,optimizer_converged,1.0,boolean,exact,complete,,,,0.3,input_distribution,,
detectability_frontier,detectability_frontier,7d13d6681f7a,12,,optimizer_feasible,1.0,boolean,exact,complete,,,,0.3,input_distribution,,
detectability_frontier,detectability_frontier,bce55bd6ba49,12,,optimizer_grid_difference,0.0,bits_per_symbol,binary_grid_validation,complete,,,,0.3,input_distribution,1001.0,
detectability_frontier,detectability_frontier,7d13d6681f7a,12,,optimizer_iterations,10001.0,iterations,exact,complete,,,,0.3,input_distribution,,
detectability_frontier,detectability_frontier,7774f9eff190,13,,achieved_kl_bits,0.1840408328537561,bits,slsqp,complete,,,,0.4,input_distribution,,
detectability_frontier,detectability_frontier,7774f9eff190,13,,constrained_capacity_bits_per_symbol,0.15780989932970252,bits_per_symbol,slsqp,complete,,,,0.4,input_distribution,,
detectability_frontier,detectability_frontier,4291a8434e65,13,,grid_best_capacity,0.15780989932970252,bits_per_symbol,binary_grid_validation,complete,,,,0.4,input_distribution,1001.0,
detectability_frontier,detectability_frontier,7774f9eff190,13,,mean_delay,0.5,normalized_time,slsqp,complete,,,,0.4,input_distribution,,
detectability_frontier,detectability_frontier,32d12effa01d,13,,optimal_input_probability,0.5,probability,exact,complete,,,,0.4,input_distribution,,0.0
detectability_frontier,detectability_frontier,a06d50ab9cff,13,,optimal_input_probability,0.5,probability,exact,complete,,,,0.4,input_distribution,,1.0
detectability_frontier,detectability_frontier,a69089081c67,13,,optimizer_accepted,1.0,boolean,exact,complete,,,,0.4,input_distribution,,
detectability_frontier,detectability_frontier,a69089081c67,13,,optimizer_converged,1.0,boolean,exact,complete,,,,0.4,input_distribution,,
detectability_frontier,detectability_frontier,a69089081c67,13,,optimizer_feasible,1.0,boolean,exact,complete,,,,0.4,input_distribution,,
detectability_frontier,detectability_frontier,4291a8434e65,13,,optimizer_grid_difference,0.0,bits_per_symbol,binary_grid_validation,complete,,,,0.4,input_distribution,1001.0,
detectability_frontier,detectability_frontier,a69089081c67,13,,optimizer_iterations,10001.0,iterations,exact,complete,,,,0.4,input_distribution,,
detectability_frontier,detectability_frontier,30d570296989,14,,achieved_kl_bits,0.1840408328537561,bits,slsqp,complete,,,,0.5,input_distribution,,
detectability_frontier,detectability_frontier,30d570296989,14,,constrained_capacity_bits_per_symbol,0.15780989932970252,bits_per_symbol,slsqp,complete,,,,0.5,input_distribution,,
detectability_frontier,detectability_frontier,bad6f53c9e77,14,,grid_best_capacity,0.15780989932970252,bits_per_symbol,binary_grid_validation,complete,,,,0.5,input_distribution,1001.0,
detectability_frontier,detectability_frontier,30d570296989,14,,mean_delay,0.5,normalized_time,slsqp,complete,,,,0.5,input_distribution,,
detectability_frontier,detectability_frontier,eea61086438c,14,,optimal_input_probability,0.5,probability,exact,complete,,,,0.5,input_distribution,,0.0
detectability_frontier,detectability_frontier,4ccebc30c9ca,14,,optimal_input_probability,0.5,probability,exact,complete,,,,0.5,input_distribution,,1.0
detectability_frontier,detectability_frontier,d233fc2c895c,14,,optimizer_accepted,1.0,boolean,exact,complete,,,,0.5,input_distribution,,
detectability_frontier,detectability_frontier,d233fc2c895c,14,,optimizer_converged,1.0,boolean,exact,complete,,,,0.5,input_distribution,,
detectability_frontier,detectability_frontier,d233fc2c895c,14,,optimizer_feasible,1.0,boolean,exact,complete,,,,0.5,input_distribution,,
detectability_frontier,detectability_frontier,bad6f53c9e77,14,,optimizer_grid_difference,0.0,bits_per_symbol,binary_grid_validation,complete,,,,0.5,input_distribution,1001.0,
detectability_frontier,detectability_frontier,d233fc2c895c,14,,optimizer_iterations,10001.0,iterations,exact,complete,,,,0.5,input_distribution,,
detectability_frontier,detectability_frontier,10f7dc51cbf1,15,,achieved_kl_bits,0.1840408328537561,bits,slsqp,complete,,,,0.6,input_distribution,,
detectability_frontier,detectability_frontier,10f7dc51cbf1,15,,constrained_capacity_bits_per_symbol,0.15780989932970252,bits_per_symbol,slsqp,complete,,,,0.6,input_distribution,,
detectability_frontier,detectability_frontier,e20d9a1e1eb0,15,,grid_best_capacity,0.15780989932970252,bits_per_symbol,binary_grid_validation,complete,,,,0.6,input_distribution,1001.0,
detectability_frontier,detectability_frontier,10f7dc51cbf1,15,,mean_delay,0.5,normalized_time,slsqp,complete,,,,0.6,input_distribution,,
detectability_frontier,detectability_frontier,9040b4adef39,15,,optimal_input_probability,0.5,probability,exact,complete,,,,0.6,input_distribution,,0.0
detectability_frontier,detectability_frontier,6618831fc551,15,,optimal_input_probability,0.5,probability,exact,complete,,,,0.6,input_distribution,,1.0
detectability_frontier,detectability_frontier,b635ce294cec,15,,optimizer_accepted,1.0,boolean,exact,complete,,,,0.6,input_distribution,,
detectability_frontier,detectability_frontier,b635ce294cec,15,,optimizer_converged,1.0,boolean,exact,complete,,,,0.6,input_distribution,,
detectability_frontier,detectability_frontier,b635ce294cec,15,,optimizer_feasible,1.0,boolean,exact,complete,,,,0.6,input_distribution,,
detectability_frontier,detectability_frontier,e20d9a1e1eb0,15,,optimizer_grid_difference,0.0,bits_per_symbol,binary_grid_validation,complete,,,,0.6,input_distribution,1001.0,
detectability_frontier,detectability_frontier,b635ce294cec,15,,optimizer_iterations,10001.0,iterations,exact,complete,,,,0.6,input_distribution,,
detectability_frontier,detectability_frontier,317389c98f39,16,,achieved_kl_bits,0.1840408328537561,bits,slsqp,complete,,,,0.75,input_distribution,,
detectability_frontier,detectability_frontier,317389c98f39,16,,constrained_capacity_bits_per_symbol,0.15780989932970252,bits_per_symbol,slsqp,complete,,,,0.75,input_distribution,,
detectability_frontier,detectability_frontier,918e4903c22d,16,,grid_best_capacity,0.15780989932970252,bits_per_symbol,binary_grid_validation,complete,,,,0.75,input_distribution,1001.0,
detectability_frontier,detectability_frontier,317389c98f39,16,,mean_delay,0.5,normalized_time,slsqp,complete,,,,0.75,input_distribution,,
detectability_frontier,detectability_frontier,39befae9b723,16,,optimal_input_probability,0.5,probability,exact,complete,,,,0.75,input_distribution,,0.0
detectability_frontier,detectability_frontier,d90b9671528a,16,,optimal_input_probability,0.5,probability,exact,complete,,,,0.75,input_distribution,,1.0
detectability_frontier,detectability_frontier,c8f217efa09e,16,,optimizer_accepted,1.0,boolean,exact,complete,,,,0.75,input_distribution,,
detectability_frontier,detectability_frontier,c8f217efa09e,16,,optimizer_converged,1.0,boolean,exact,complete,,,,0.75,input_distribution,,
detectability_frontier,detectability_frontier,c8f217efa09e,16,,optimizer_feasible,1.0,boolean,exact,complete,,,,0.75,input_distribution,,
detectability_frontier,detectability_frontier,918e4903c22d,16,,optimizer_grid_difference,0.0,bits_per_symbol,binary_grid_validation,complete,,,,0.75,input_distribution,1001.0,
detectability_frontier,detectability_frontier,c8f217efa09e,16,,optimizer_iterations,10001.0,iterations,exact,complete,,,,0.75,input_distribution,,
detectability_frontier,detectability_frontier,9c6f43de34a4,17,,achieved_kl_bits,0.1840408328537561,bits,slsqp,complete,,,,0.9,input_distribution,,
detectability_frontier,detectability_frontier,9c6f43de34a4,17,,constrained_capacity_bits_per_symbol,0.15780989932970252,bits_per_symbol,slsqp,complete,,,,0.9,input_distribution,,
detectability_frontier,detectability_frontier,46a13f40956c,17,,grid_best_capacity,0.15780989932970252,bits_per_symbol,binary_grid_validation,complete,,,,0.9,input_distribution,1001.0,
detectability_frontier,detectability_frontier,9c6f43de34a4,17,,mean_delay,0.5,normalized_time,slsqp,complete,,,,0.9,input_distribution,,
detectability_frontier,detectability_frontier,ee5a2f92cc5c,17,,optimal_input_probability,0.5,probability,exact,complete,,,,0.9,input_distribution,,0.0
detectability_frontier,detectability_frontier,b969927cd25b,17,,optimal_input_probability,0.5,probability,exact,complete,,,,0.9,input_distribution,,1.0
detectability_frontier,detectability_frontier,ee4ca01dbd7c,17,,optimizer_accepted,1.0,boolean,exact,complete,,,,0.9,input_distribution,,
detectability_frontier,detectability_frontier,ee4ca01dbd7c,17,,optimizer_converged,1.0,boolean,exact,complete,,,,0.9,input_distribution,,
detectability_frontier,detectability_frontier,ee4ca01dbd7c,17,,optimizer_feasible,1.0,boolean,exact,complete,,,,0.9,input_distribution,,
detectability_frontier,detectability_frontier,46a13f40956c,17,,optimizer_grid_difference,0.0,bits_per_symbol,binary_grid_validation,complete,,,,0.9,input_distribution,1001.0,
detectability_frontier,detectability_frontier,ee4ca01dbd7c,17,,optimizer_iterations,10001.0,iterations,exact,complete,,,,0.9,input_distribution,,
detectability_frontier,detectability_frontier,f02cc41d02ee,18,,achieved_kl_bits,0.1840408328537561,bits,slsqp,complete,,,,1.1,input_distribution,,
detectability_frontier,detectability_frontier,f02cc41d02ee,18,,constrained_capacity_bits_per_symbol,0.15780989932970252,bits_per_symbol,slsqp,complete,,,,1.1,input_distribution,,
detectability_frontier,detectability_frontier,a53df781d99e,18,,grid_best_capacity,0.15780989932970252,bits_per_symbol,binary_grid_validation,complete,,,,1.1,input_distribution,1001.0,
detectability_frontier,detectability_frontier,f02cc41d02ee,18,,mean_delay,0.5,normalized_time,slsqp,complete,,,,1.1,input_distribution,,
detectability_frontier,detectability_frontier,b34d05f39fec,18,,optimal_input_probability,0.5,probability,exact,complete,,,,1.1,input_distribution,,0.0
detectability_frontier,detectability_frontier,491049330e4e,18,,optimal_input_probability,0.5,probability,exact,complete,,,,1.1,input_distribution,,1.0
detectability_frontier,detectability_frontier,3c23a1685bfa,18,,optimizer_accepted,1.0,boolean,exact,complete,,,,1.1,input_distribution,,
detectability_frontier,detectability_frontier,3c23a1685bfa,18,,optimizer_converged,1.0,boolean,exact,complete,,,,1.1,input_distribution,,
detectability_frontier,detectability_frontier,3c23a1685bfa,18,,optimizer_feasible,1.0,boolean,exact,complete,,,,1.1,input_distribution,,
detectability_frontier,detectability_frontier,a53df781d99e,18,,optimizer_grid_difference,0.0,bits_per_symbol,binary_grid_validation,complete,,,,1.1,input_distribution,1001.0,
detectability_frontier,detectability_frontier,3c23a1685bfa,18,,optimizer_iterations,10001.0,iterations,exact,complete,,,,1.1,input_distribution,,
detectability_frontier,detectability_frontier,72294f57b704,19,,achieved_kl_bits,0.1840408328537561,bits,slsqp,complete,,,,1.5,input_distribution,,
detectability_frontier,detectability_frontier,72294f57b704,19,,constrained_capacity_bits_per_symbol,0.15780989932970252,bits_per_symbol,slsqp,complete,,,,1.5,input_distribution,,
detectability_frontier,detectability_frontier,f6864befd76e,19,,grid_best_capacity,0.15780989932970252,bits_per_symbol,binary_grid_validation,complete,,,,1.5,input_distribution,1001.0,
detectability_frontier,detectability_frontier,72294f57b704,19,,mean_delay,0.5,normalized_time,slsqp,complete,,,,1.5,input_distribution,,
detectability_frontier,detectability_frontier,c4f695ebca87,19,,optimal_input_probability,0.5,probability,exact,complete,,,,1.5,input_distribution,,0.0
detectability_frontier,detectability_frontier,889d6ff4bcb9,19,,optimal_input_probability,0.5,probability,exact,complete,,,,1.5,input_distribution,,1.0
detectability_frontier,detectability_frontier,8214976382a1,19,,optimizer_accepted,1.0,boolean,exact,complete,,,,1.5,input_distribution,,
detectability_frontier,detectability_frontier,8214976382a1,19,,optimizer_converged,1.0,boolean,exact,complete,,,,1.5,input_distribution,,
detectability_frontier,detectability_frontier,8214976382a1,19,,optimizer_feasible,1.0,boolean,exact,complete,,,,1.5,input_distribution,,
detectability_frontier,detectability_frontier,f6864befd76e,19,,optimizer_grid_difference,0.0,bits_per_symbol,binary_grid_validation,complete,,,,1.5,input_distribution,1001.0,
detectability_frontier,detectability_frontier,8214976382a1,19,,optimizer_iterations,10001.0,iterations,exact,complete,,,,1.5,input_distribution,,
