work_unit_id,experiment_kind,status,error,replication,batching_mode,batching_window,sweep_index
ceiling_release:0.25:0,batching_comparison,complete,,0,ceiling_release,0.25,16
ceiling_release:0.25:1,batching_comparison,complete,,1,ceiling_release,0.25,36
ceiling_release:0.25:2,batching_comparison,complete,,2,ceiling_release,0.25,56
ceiling_release:0.25:3,batching_comparison,complete,,3,ceiling_release,0.25,76
ceiling_release:0.25:4,batching_comparison,complete,,4,ceiling_release,0.25,96
ceiling_release:0.25:5,batching_comparison,complete,,5,ceiling_release,0.25,116
ceiling_release:0.25:6,batching_comparison,complete,,6,ceiling_release,0.25,136
ceiling_release:0.25:7,batching_comparison,complete,,7,ceiling_release,0.25,156
ceiling_release:0.25:8,batching_comparison,complete,,8,ceiling_release,0.25,176
ceiling_release:0.25:9,batching_comparison,complete,,9,ceiling_release,0.25,196
ceiling_release:0.5:0,batching_comparison,complete,,0,ceiling_release,0.5,17
ceiling_release:0.5:1,batching_comparison,complete,,1,ceiling_release,0.5,37
ceiling_release:0.5:2,batching_comparison,complete,,2,ceiling_release,0.5,57
ceiling_release:0.5:3,batching_comparison,complete,,3,ceiling_release,0.5,77
ceiling_release:0.5:4,batching_comparison,complete,,4,ceiling_release,0.5,97
ceiling_release:0.5:5,batching_comparison,complete,,5,ceiling_release,0.5,117
ceiling_release:0.5:6,batching_comparison,complete,,6,ceiling_release,0.5,137
ceiling_release:0.5:7,batching_comparison,complete,,7,ceiling_release,0.5,157
ceiling_release:0.5:8,batching_comparison,complete,,8,ceiling_release,0.5,177
ceiling_release:0.5:9,batching_comparison,complete,,9,ceiling_release,0.5,197
ceiling_release:0.75:0,batching_comparison,complete,,0,ceiling_release,0.75,18
ceiling_release:0.75:1,batching_comparison,complete,,1,ceiling_release,0.75,38
ceiling_release:0.75:2,batching_comparison,complete,,2,ceiling_release,0.75,58
ceiling_release:0.75:3,batching_comparison,complete,,3,ceiling_release,0.75,78
ceiling_release:0.75:4,batching_comparison,complete,,4,ceiling_release,0.75,98
ceiling_release:0.75:5,batching_comparison,complete,,5,ceiling_release,0.75,118
ceiling_release:0.75:6,batching_comparison,complete,,6,ceiling_release,0.75,138
ceiling_release:0.75:7,batching_comparison,complete,,7,ceiling_release,0.75,158
ceiling_release:0.75:8,batching_comparison,complete,,8,ceiling_release,0.75,178
ceiling_release:0.75:9,batching_comparison,complete,,9,ceiling_release,0.75,198
ceiling_release:1.0:0,batching_comparison,complete,,0,ceiling_release,1.0,19
ceiling_release:1.0:1,batching_comparison,complete,,1,ceiling_release,1.0,39
ceiling_release:1.0:2,batching_comparison,complete,,2,ceiling_release,1.0,59
ceiling_release:1.0:3,batching_comparison,complete,,3,ceiling_release,1.0,79
ceiling_release:1.0:4,batching_comparison,complete,,4,ceiling_release,1.0,99
ceiling_release:1.0:5,batching_comparison,complete,,5,ceiling_release,1.0,119
ceiling_release:1.0:6,batching_comparison,complete,,6,ceiling_release,1.0,139
ceiling_release:1.0:7,batching_comparison,complete,,7,ceiling_release,1.0,159
ceiling_release:1.0:8,batching_comparison,complete,,8,ceiling_release,1.0,179
ceiling_release:1.0:9,batching_comparison,complete,,9,ceiling_release,1.0,199
delay_quantization:0.25:0,batching_comparison,complete,,0,delay_quantization,0.25,4
delay_quantization:0.25:1,batching_comparison,complete,,1,delay_quantization,0.25,24
delay_quantization:0.25:2,batching_comparison,complete,,2,delay_quantization,0.25,44
delay_quantization:0.25:3,batching_comparison,complete,,3,delay_quantization,0.25,64
delay_quantization:0.25:4,batching_comparison,complete,,4,delay_quantization,0.25,84
delay_quantization:0.25:5,batching_comparison,complete,,5,delay_quantization,0.25,104
delay_quantization:0.25:6,batching_comparison,complete,,6,delay_quantization,0.25,124
delay_quantization:0.25:7,batching_comparison,complete,,7,delay_quantization,0.25,144
delay_quantization:0.25:8,batching_comparison,complete,,8,delay_quantization,0.25,164
delay_quantization:0.25:9,batching_comparison,complete,,9,delay_quantization,0.25,184
delay_quantization:0.5:0,batching_comparison,complete,,0,delay_quantization,0.5,5
delay_quantization:0.5:1,batching_comparison,complete,,1,delay_quantization,0.5,25
delay_quantization:0.5:2,batching_comparison,complete,,2,delay_quantization,0.5,45
delay_quantization:0.5:3,batching_comparison,complete,,3,delay_quantization,0.5,65
delay_quantization:0.5:4,batching_comparison,complete,,4,delay_quantization,0.5,85
delay_quantization:0.5:5,batching_comparison,complete,,5,delay_quantization,0.5,105
delay_quantization:0.5:6,batching_comparison,complete,,6,delay_quantization,0.5,125
delay_quantization:0.5:7,batching_comparison,complete,,7,delay_quantization,0.5,145
delay_quantization:0.5:8,batching_comparison,complete,,8,delay_quantization,0.5,165
delay_quantization:0.5:9,batching_comparison,complete,,9,delay_quantization,0.5,185
delay_quantization:0.75:0,batching_comparison,complete,,0,delay_quantization,0.75,6
delay_quantization:0.75:1,batching_comparison,complete,,1,delay_quantization,0.75,26
delay_quantization:0.75:2,batching_comparison,complete,,2,delay_quantization,0.75,46
delay_quantization:0.75:3,batching_comparison,complete,,3,delay_quantization,0.75,66
delay_quantization:0.75:4,batching_comparison,complete,,4,delay_quantization,0.75,86
delay_quantization:0.75:5,batching_comparison,complete,,5,delay_quantization,0.75,106
delay_quantization:0.75:6,batching_comparison,complete,,6,delay_quantization,0.75,126
delay_quantization:0.75:7,batching_comparison,complete,,7,delay_quantization,0.75,146
delay_quantization:0.75:8,batching_comparison,complete,,8,delay_quantization,0.75,166
delay_quantization:0.75:9,batching_comparison,complete,,9,delay_quantization,0.75,186
delay_quantization:1.0:0,batching_comparison,complete,,0,delay_quantization,1.0,7
delay_quantization:1.0:1,batching_comparison,complete,,1,delay_quantization,1.0,27
delay_quantization:1.0:2,batching_comparison,complete,,2,delay_quantization,1.0,47
delay_quantization:1.0:3,batching_comparison,complete,,3,delay_quantization,1.0,67
delay_quantization:1.0:4,batching_comparison,complete,,4,delay_quantization,1.0,87
delay_quantization:1.0:5,batching_comparison,complete,,5,delay_quantization,1.0,107
delay_quantization:1.0:6,batching_comparison,complete,,6,delay_quantization,1.0,127
delay_quantization:1.0:7,batching_comparison,complete,,7,delay_quantization,1.0,147
delay_quantization:1.0:8,batching_comparison,complete,,8,delay_quantization,1.0,167
delay_quantization:1.0:9,batching_comparison,complete,,9,delay_quantization,1.0,187
fixed_window_observation:0.25:0,batching_comparison,complete,,0,fixed_window_observation,0.25,12
fixed_window_observation:0.25:1,batching_comparison,complete,,1,fixed_window_observation,0.25,32
fixed_window_observation:0.25:2,batching_comparison,complete,,2,fixed_window_observation,0.25,52
fixed_window_observation:0.25:3,batching_comparison,complete,,3,fixed_window_observation,0.25,72
fixed_window_observation:0.25:4,batching_comparison,complete,,4,fixed_window_observation,0.25,92
fixed_window_observation:0.25:5,batching_comparison,complete,,5,fixed_window_observation,0.25,112
fixed_window_observation:0.25:6,batching_comparison,complete,,6,fixed_window_observation,0.25,132
fixed_window_observation:0.25:7,batching_comparison,complete,,7,fixed_window_observation,0.25,152
fixed_window_observation:0.25:8,batching_comparison,complete,,8,fixed_window_observation,0.25,172
fixed_window_observation:0.25:9,batching_comparison,complete,,9,fixed_window_observation,0.25,192
fixed_window_observation:0.5:0,batching_comparison,complete,,0,fixed_window_observation,0.5,13
fixed_window_observation:0.5:1,batching_comparison,complete,,1,fixed_window_observation,0.5,33
fixed_window_observation:0.5:2,batching_comparison,complete,,2,fixed_window_observation,0.5,53
fixed_window_observation:0.5:3,batching_comparison,complete,,3,fixed_window_observation,0.5,73
fixed_window_observation:0.5:4,batching_comparison,complete,,4,fixed_window_observation,0.5,93
fixed_window_observation:0.5:5,batching_comparison,complete,,5,fixed_window_observation,0.5,113
fixed_window_observation:0.5:6,batching_comparison,complete,,6,fixed_window_observation,0.5,133
fixed_window_observation:0.5:7,batching_comparison,complete,,7,fixed_window_observation,0.5,153
fixed_window_observation:0.5:8,batching_comparison,complete,,8,fixed_window_observation,0.5,173
fixed_window_observation:0.5:9,batching_comparison,complete,,9,fixed_window_observation,0.5,193
fixed_window_observation:0.75:0,batching_comparison,complete,,0,fixed_window_observation,0.75,14
fixed_window_observation:0.75:1,batching_comparison,complete,,1,fixed_window_observation,0.75,34
fixed_window_observation:0.75:2,batching_comparison,complete,,2,fixed_window_observation,0.75,54
fixed_window_observation:0.75:3,batching_comparison,complete,,3,fixed_window_observation,0.75,74
fixed_window_observation:0.75:4,batching_comparison,complete,,4,fixed_window_observation,0.75,94
fixed_window_observation:0.75:5,batching_comparison,complete,,5,fixed_window_observation,0.75,114
fixed_window_observation:0.75:6,batching_comparison,complete,,6,fixed_window_observation,0.75,134
fixed_window_observation:0.75:7,batching_comparison,complete,,7,fixed_window_observation,0.75,154
fixed_window_observation:0.75:8,batching_comparison,complete,,8,fixed_window_observation,0.75,174
fixed_window_observation:0.75:9,batching_comparison,complete,,9,fixed_window_observation,0.75,194
fixed_window_observation:1.0:0,batching_comparison,complete,,0,fixed_window_observation,1.0,15
fixed_window_observation:1.0:1,batching_comparison,complete,,1,fixed_window_observation,1.0,35
fixed_window_observation:1.0:2,batching_comparison,complete,,2,fixed_window_observation,1.0,55
fixed_window_observation:1.0:3,batching_comparison,complete,,3,fixed_window_observation,1.0,75
fixed_window_observation:1.0:4,batching_comparison,complete,,4,fixed_window_observation,1.0,95
fixed_window_observation:1.0:5,batching_comparison,complete,,5,fixed_window_observation,1.0,115
fixed_window_observation:1.0:6,batching_comparison,complete,,6,fixed_window_observation,1.0,135
fixed_window_observation:1.0:7,batching_comparison,complete,,7,fixed_window_observation,1.0,155
fixed_window_observation:1.0:8,batching_comparison,complete,,8,fixed_window_observation,1.0,175
fixed_window_observation:1.0:9,batching_comparison,complete,,9,fixed_window_observation,1.0,195
ideal_delays:0.25:0,batching_comparison,complete,,0,ideal_delays,0.25,0
ideal_delays:0.25:1,batching_comparison,complete,,1,ideal_delays,0.25,20
ideal_delays:0.25:2,batching_comparison,complete,,2,ideal_delays,0.25,40
ideal_delays:0.25:3,batching_comparison,complete,,3,ideal_delays,0.25,60
ideal_delays:0.25:4,batching_comparison,complete,,4,ideal_delays,0.25,80
ideal_delays:0.25:5,batching_comparison,complete,,5,ideal_delays,0.25,100
ideal_delays:0.25:6,batching_comparison,complete,,6,ideal_delays,0.25,120
ideal_delays:0.25:7,batching_comparison,complete,,7,ideal_delays,0.25,140
ideal_delays:0.25:8,batching_comparison,complete,,8,ideal_delays,0.25,160
ideal_delays:0.25:9,batching_comparison,complete,,9,ideal_delays,0.25,180
ideal_delays:0.5:0,batching_comparison,complete,,0,ideal_delays,0.5,1
ideal_delays:0.5:1,batching_comparison,complete,,1,ideal_delays,0.5,21
ideal_delays:0.5:2,batching_comparison,complete,,2,ideal_delays,0.5,41
ideal_delays:0.5:3,batching_comparison,complete,,3,ideal_delays,0.5,61
ideal_delays:0.5:4,batching_comparison,complete,,4,ideal_delays,0.5,81
ideal_delays:0.5:5,batching_comparison,complete,,5,ideal_delays,0.5,101
ideal_delays:0.5:6,batching_comparison,complete,,6,ideal_delays,0.5,121
ideal_delays:0.5:7,batching_comparison,complete,,7,ideal_delays,0.5,141
ideal_delays:0.5:8,batching_comparison,complete,,8,ideal_delays,0.5,161
ideal_delays:0.5:9,batching_comparison,complete,,9,ideal_delays,0.5,181
ideal_delays:0.75:0,batching_comparison,complete,,0,ideal_delays,0.75,2
ideal_delays:0.75:1,batching_comparison,complete,,1,ideal_delays,0.75,22
ideal_delays:0.75:2,batching_comparison,complete,,2,ideal_delays,0.75,42
ideal_delays:0.75:3,batching_comparison,complete,,3,ideal_delays,0.75,62
ideal_delays:0.75:4,batching_comparison,complete,,4,ideal_delays,0.75,82
ideal_delays:0.75:5,batching_comparison,complete,,5,ideal_delays,0.75,102
ideal_delays:0.75:6,batching_comparison,complete,,6,ideal_delays,0.75,122
ideal_delays:0.75:7,batching_comparison,complete,,7,ideal_delays,0.75,142
ideal_delays:0.75:8,batching_comparison,complete,,8,ideal_delays,0.75,162
ideal_delays:0.75:9,batching_comparison,complete,,9,ideal_delays,0.75,182
ideal_delays:1.0:0,batching_comparison,complete,,0,ideal_delays,1.0,3
ideal_delays:1.0:1,batching_comparison,complete,,1,ideal_delays,1.0,23
ideal_delays:1.0:2,batching_comparison,complete,,2,ideal_delays,1.0,43
ideal_delays:1.0:3,batching_comparison,complete,,3,ideal_delays,1.0,63
ideal_delays:1.0:4,batching_comparison,complete,,4,ideal_delays,1.0,83
ideal_delays:1.0:5,batching_comparison,complete,,5,ideal_delays,1.0,103
ideal_delays:1.0:6,batching_comparison,complete,,6,ideal_delays,1.0,123
ideal_delays:1.0:7,batching_comparison,complete,,7,ideal_delays,1.0,143
ideal_delays:1.0:8,batching_comparison,complete,,8,ideal_delays,1.0,163
ideal_delays:1.0:9,batching_comparison,complete,,9,ideal_delays,1.0,183
timestamp_quantization:0.25:0,batching_comparison,complete,,0,timestamp_quantization,0.25,8
timestamp_quantization:0.25:1,batching_comparison,complete,,1,timestamp_quantization,0.25,28
timestamp_quantization:0.25:2,batching_comparison,complete,,2,timestamp_quantization,0.25,48
timestamp_quantization:0.25:3,batching_comparison,complete,,3,timestamp_quantization,0.25,68
timestamp_quantization:0.25:4,batching_comparison,complete,,4,timestamp_quantization,0.25,88
timestamp_quantization:0.25:5,batching_comparison,complete,,5,timestamp_quantization,0.25,108
timestamp_quantization:0.25:6,batching_comparison,complete,,6,timestamp_quantization,0.25,128
timestamp_quantization:0.25:7,batching_comparison,complete,,7,timestamp_quantization,0.25,148
timestamp_quantization:0.25:8,batching_comparison,complete,,8,timestamp_quantization,0.25,168
timestamp_quantization:0.25:9,batching_comparison,complete,,9,timestamp_quantization,0.25,188
timestamp_quantization:0.5:0,batching_comparison,complete,,0,timestamp_quantization,0.5,9
timestamp_quantization:0.5:1,batching_comparison,complete,,1,timestamp_quantization,0.5,29
timestamp_quantization:0.5:2,batching_comparison,complete,,2,timestamp_quantization,0.5,49
timestamp_quantization:0.5:3,batching_comparison,complete,,3,timestamp_quantization,0.5,69
timestamp_quantization:0.5:4,batching_comparison,complete,,4,timestamp_quantization,0.5,89
timestamp_quantization:0.5:5,batching_comparison,complete,,5,timestamp_quantization,0.5,109
timestamp_quantization:0.5:6,batching_comparison,complete,,6,timestamp_quantization,0.5,129
timestamp_quantization:0.5:7,batching_comparison,complete,,7,timestamp_quantization,0.5,149
timestamp_quantization:0.5:8,batching_comparison,complete,,8,timestamp_quantization,0.5,169
timestamp_quantization:0.5:9,batching_comparison,complete,,9,timestamp_quantization,0.5,189
timestamp_quantization:0.75:0,batching_comparison,complete,,0,timestamp_quantization,0.75,10
timestamp_quantization:0.75:1,batching_comparison,complete,,1,timestamp_quantization,0.75,30
timestamp_quantization:0.75:2,batching_comparison,complete,,2,timestamp_quantization,0.75,50
timestamp_quantization:0.75:3,batching_comparison,complete,,3,timestamp_quantization,0.75,70
timestamp_quantization:0.75:4,batching_comparison,complete,,4,timestamp_quantization,0.75,90
timestamp_quantization:0.75:5,batching_comparison,complete,,5,timestamp_quantization,0.75,110
timestamp_quantization:0.75:6,batching_comparison,complete,,6,timestamp_quantization,0.75,130
timestamp_quantization:0.75:7,batching_comparison,complete,,7,timestamp_quantization,0.75,150
timestamp_quantization:0.75:8,batching_comparison,complete,,8,timestamp_quantization,0.75,170
timestamp_quantization:0.75:9,batching_comparison,complete,,9,timestamp_quantization,0.75,190
timestamp_quantization:1.0:0,batching_comparison,complete,,0,timestamp_quantization,1.0,11
timestamp_quantization:1.0:1,batching_comparison,complete,,1,timestamp_quantization,1.0,31
timestamp_quantization:1.0:2,batching_comparison,complete,,2,timestamp_quantization,1.0,51
timestamp_quantization:1.0:3,batching_comparison,complete,,3,timestamp_quantization,1.0,71
timestamp_quantization:1.0:4,batching_comparison,complete,,4,timestamp_quantization,1.0,91
timestamp_quantization:1.0:5,batching_comparison,complete,,5,timestamp_quantization,1.0,111
timestamp_quantization:1.0:6,batching_comparison,complete,,6,timestamp_quantization,1.0,131
timestamp_quantization:1.0:7,batching_comparison,complete,,7,timestamp_quantization,1.0,151
timestamp_quantization:1.0:8,batching_comparison,complete,,8,timestamp_quantization,1.0,171
timestamp_quantization:1.0:9,batching_comparison,complete,,9,timestamp_quantization,1.0,191
