false_positive_rate,true_positive_rate,hypothesis_pair
0.0,0.0,active_vs_baseline
0.0,0.002,active_vs_baseline
0.0,0.004,active_vs_baseline
0.0,0.006,active_vs_baseline
0.0,0.008,active_vs_baseline
0.0,0.01,active_vs_baseline
0.0,0.012,active_vs_baseline
0.0,0.014,active_vs_baseline
0.0,0.016,active_vs_baseline
0.0,0.018,active_vs_baseline
0.0,0.02,active_vs_baseline
0.0,0.022,active_vs_baseline
0.0,0.024,active_vs_baseline
0.0,0.026,active_vs_baseline
0.0,0.028,active_vs_baseline
0.0,0.03,active_vs_baseline
0.0,0.032,active_vs_baseline
0.0,0.034,active_vs_baseline
0.0,0.036,active_vs_baseline
0.0,0.038,active_vs_baseline
0.0,0.04,active_vs_baseline
0.0,0.042,active_vs_baseline
0.0,0.044,active_vs_baseline
0.0,0.046,active_vs_baseline
0.0,0.048,active_vs_baseline
0.0,0.05,active_vs_baseline
0.0,0.052,active_vs_baseline
0.0,0.054,active_vs_baseline
0.0,0.056,active_vs_baseline
0.0,0.058,active_vs_baseline
0.0,0.06,active_vs_baseline
0.0,0.062,active_vs_baseline
0.0,0.064,active_vs_baseline
0.0,0.066,active_vs_baseline
0.0,0.068,active_vs_baseline
0.0,0.072,active_vs_baseline
0.0,0.074,active_vs_baseline
0.0,0.076,active_vs_baseline
0.0,0.078,active_vs_baseline
0.0,0.08,active_vs_baseline
0.0,0.082,active_vs_baseline
0.0,0.084,active_vs_baseline
0.0,0.086,active_vs_baseline
0.0,0.088,active_vs_baseline
0.0,0.09,active_vs_baseline
0.0,0.092,active_vs_baseline
0.0,0.094,active_vs_baseline
0.0,0.096,active_vs_baseline
0.0,0.098,active_vs_baseline
0.0,0.1,active_vs_baseline
0.0,0.102,active_vs_baseline
0.0,0.104,active_vs_baseline
0.0,0.106,active_vs_baseline
0.0,0.108,active_vs_baseline
0.0,0.11,active_vs_baseline
0.0,0.112,active_vs_baseline
0.0,0.114,active_vs_baseline
0.0,0.116,active_vs_baseline
0.0,0.118,active_vs_baseline
0.0,0.12,active_vs_baseline
0.0,0.122,active_vs_baseline
0.0,0.124,active_vs_baseline
0.0,0.126,active_vs_baseline
0.0,0.128,active_vs_baseline
0.0,0.13,active_vs_baseline
0.0,0.132,active_vs_baseline
0.0,0.134,active_vs_baseline
0.0,0.136,active_vs_baseline
0.0,0.138,active_vs_baseline
0.0,0.14,active_vs_baseline
0.0,0.142,active_vs_baseline
0.0,0.144,active_vs_baseline
0.0,0.146,active_vs_baseline
0.0,0.148,active_vs_baseline
0.0,0.15,active_vs_baseline
0.0,0.152,active_vs_baseline
0.0,0.154,active_vs_baseline
0.0,0.156,active_vs_baseline
0.0,0.158,active_vs_baseline
0.0,0.16,active_vs_baseline
0.0,0.162,active_vs_baseline
0.0,0.164,active_vs_baseline
0.0,0.166,active_vs_baseline
0.0,0.168,active_vs_baseline
0.0,0.17,active_vs_baseline
0.0,0.172,active_vs_baseline
0.0,0.174,active_vs_baseline
0.0,0.176,active_vs_baseline
0.0,0.178,active_vs_baseline
0.0,0.18,active_vs_baseline
0.0,0.182,active_vs_baseline
0.0,0.184,active_vs_baseline
0.0,0.186,active_vs_baseline
0.0,0.188,active_vs_baseline
0.0,0.19,active_vs_baseline
0.0,0.192,active_vs_baseline
0.0,0.194,active_vs_baseline
0.0,0.196,active_vs_baseline
0.0,0.198,active_vs_baseline
0.0,0.2,active_vs_baseline
0.0,0.202,active_vs_baseline
0.0,0.204,active_vs_baseline
0.0,0.206,active_vs_baseline
0.0,0.208,active_vs_baseline
0.0,0.21,active_vs_baseline
0.0,0.212,active_vs_baseline
0.0,0.214,active_vs_baseline
0.0,0.216,active_vs_baseline
0.0,0.218,active_vs_baseline
0.0,0.22,active_vs_baseline
0.0,0.222,active_vs_baseline
0.0,0.224,active_vs_baseline
0.0,0.226,active_vs_baseline
0.0,0.228,active_vs_baseline
0.0,0.23,active_vs_baseline
0.0,0.232,active_vs_baseline
0.0,0.234,active_vs_baseline
0.0,0.236,active_vs_baseline
0.0,0.238,active_vs_baseline
0.0,0.24,active_vs_baseline
0.0,0.242,active_vs_baseline
0.0,0.244,active_vs_baseline
0.0,0.246,active_vs_baseline
0.0,0.248,active_vs_baseline
0.0,0.25,active_vs_baseline
0.0,0.252,active_vs_baseline
0.0,0.254,active_vs_baseline
0.0,0.256,active_vs_baseline
0.0,0.258,active_vs_baseline
0.0,0.26,active_vs_baseline
0.0,0.262,active_vs_baseline
0.0,0.264,active_vs_baseline
0.0,0.266,active_vs_baseline
0.0,0.268,active_vs_baseline
0.0,0.27,active_vs_baseline
0.0,0.272,active_vs_baseline
0.0,0.274,active_vs_baseline
0.002,0.274,active_vs_baseline
0.002,0.276,active_vs_baseline
0.002,0.278,active_vs_baseline
0.002,0.28,active_vs_baseline
0.002,0.282,active_vs_baseline
0.002,0.284,active_vs_baseline
0.002,0.286,active_vs_baseline
0.002,0.288,active_vs_baseline
0.002,0.29,active_vs_baseline
0.002,0.292,active_vs_baseline
0.002,0.294,active_vs_baseline
0.002,0.296,active_vs_baseline
0.002,0.298,active_vs_baseline
0.002,0.3,active_vs_baseline
0.002,0.302,active_vs_baseline
0.002,0.304,active_vs_baseline
0.002,0.306,active_vs_baseline
0.002,0.308,active_vs_baseline
0.002,0.31,active_vs_baseline
0.002,0.312,active_vs_baseline
0.002,0.314,active_vs_baseline
0.002,0.316,active_vs_baseline
0.002,0.318,active_vs_baseline
0.002,0.322,active_vs_baseline
0.002,0.324,active_vs_baseline
0.002,0.326,active_vs_baseline
0.002,0.328,active_vs_baseline
0.002,0.33,active_vs_baseline
0.002,0.332,active_vs_baseline
0.002,0.334,active_vs_baseline
0.002,0.336,active_vs_baseline
0.002,0.338,active_vs_baseline
0.002,0.34,active_vs_baseline
0.002,0.342,active_vs_baseline
0.002,0.344,active_vs_baseline
0.002,0.346,active_vs_baseline
0.002,0.348,active_vs_baseline
0.002,0.35,active_vs_baseline
0.002,0.352,active_vs_baseline
0.002,0.354,active_vs_baseline
0.002,0.356,active_vs_baseline
0.002,0.358,active_vs_baseline
0.002,0.36,active_vs_baseline
0.002,0.362,active_vs_baseline
0.002,0.364,active_vs_baseline
0.002,0.366,active_vs_baseline
0.002,0.368,active_vs_baseline
0.002,0.37,active_vs_baseline
0.002,0.372,active_vs_baseline
0.002,0.374,active_vs_baseline
0.002,0.376,active_vs_baseline
0.002,0.378,active_vs_baseline
0.002,0.38,active_vs_baseline
0.002,0.382,active_vs_baseline
0.002,0.384,active_vs_baseline
0.002,0.386,active_vs_baseline
0.002,0.388,active_vs_baseline
0.002,0.39,active_vs_baseline
0.002,0.392,active_vs_baseline
0.002,0.394,active_vs_baseline
0.002,0.396,active_vs_baseline
0.002,0.398,active_vs_baseline
0.004,0.398,active_vs_baseline
0.004,0.4,active_vs_baseline
0.004,0.402,active_vs_baseline
0.004,0.404,active_vs_baseline
0.004,0.406,active_vs_baseline
0.004,0.408,active_vs_baseline
0.004,0.41,active_vs_baseline
0.004,0.412,active_vs_baseline
0.004,0.414,active_vs_baseline
0.004,0.416,active_vs_baseline
0.004,0.418,active_vs_baseline
0.004,0.42,active_vs_baseline
0.004,0.422,active_vs_baseline
0.004,0.424,active_vs_baseline
0.004,0.426,active_vs_baseline
0.004,0.428,active_vs_baseline
0.004,0.43,active_vs_baseline
0.004,0.432,active_vs_baseline
0.004,0.434,active_vs_baseline
0.004,0.436,active_vs_baseline
0.004,0.438,active_vs_baseline
0.004,0.44,active_vs_baseline
0.004,0.442,active_vs_baseline
0.004,0.444,active_vs_baseline
0.004,0.446,active_vs_baseline
0.004,0.448,active_vs_baseline
0.004,0.45,active_vs_baseline
0.004,0.452,active_vs_baseline
0.004,0.454,active_vs_baseline
0.004,0.456,active_vs_baseline
0.004,0.458,active_vs_baseline
0.006,0.458,active_vs_baseline
0.006,0.46,active_vs_baseline
0.006,0.462,active_vs_baseline
0.006,0.464,active_vs_baseline
0.006,0.466,active_vs_baseline
0.006,0.468,active_vs_baseline
0.006,0.47,active_vs_baseline
0.006,0.472,active_vs_baseline
0.006,0.474,active_vs_baseline
0.006,0.476,active_vs_baseline
0.006,0.478,active_vs_baseline
0.006,0.48,active_vs_baseline
0.006,0.482,active_vs_baseline
0.006,0.484,active_vs_baseline
0.006,0.486,active_vs_baseline
0.006,0.488,active_vs_baseline
0.006,0.49,active_vs_baseline
0.006,0.492,active_vs_baseline
0.006,0.496,active_vs_baseline
0.006,0.498,active_vs_baseline
0.006,0.5,active_vs_baseline
0.006,0.502,active_vs_baseline
0.006,0.504,active_vs_baseline
0.006,0.506,active_vs_baseline
0.006,0.508,active_vs_baseline
0.006,0.51,active_vs_baseline
0.006,0.512,active_vs_baseline
0.006,0.514,active_vs_baseline
0.006,0.516,active_vs_baseline
0.006,0.518,active_vs_baseline
0.006,0.52,active_vs_baseline
0.006,0.522,active_vs_baseline
0.006,0.524,active_vs_baseline
0.006,0.526,active_vs_baseline
0.006,0.528,active_vs_baseline
0.006,0.53,active_vs_baseline
0.006,0.532,active_vs_baseline
0.006,0.534,active_vs_baseline
0.006,0.536,active_vs_baseline
0.006,0.538,active_vs_baseline
0.006,0.54,active_vs_baseline
0.006,0.542,active_vs_baseline
0.006,0.544,active_vs_baseline
0.006,0.546,active_vs_baseline
0.006,0.548,active_vs_baseline
0.006,0.55,active_vs_baseline
0.008,0.55,active_vs_baseline
0.008,0.552,active_vs_baseline
0.01,0.552,active_vs_baseline
0.01,0.554,active_vs_baseline
0.012,0.554,active_vs_baseline
0.012,0.556,active_vs_baseline
0.012,0.558,active_vs_baseline
0.012,0.56,active_vs_baseline
0.012,0.562,active_vs_baseline
0.012,0.564,active_vs_baseline
0.012,0.566,active_vs_baseline
0.012,0.568,active_vs_baseline
0.012,0.57,active_vs_baseline
0.012,0.572,active_vs_baseline
0.012,0.574,active_vs_baseline
0.012,0.576,active_vs_baseline
0.012,0.578,active_vs_baseline
0.012,0.58,active_vs_baseline
0.012,0.582,active_vs_baseline
0.014,0.582,active_vs_baseline
0.014,0.584,active_vs_baseline
0.014,0.586,active_vs_baseline
0.016,0.586,active_vs_baseline
0.016,0.588,active_vs_baseline
0.016,0.59,active_vs_baseline
0.016,0.592,active_vs_baseline
0.016,0.594,active_vs_baseline
0.016,0.596,active_vs_baseline
0.016,0.598,active_vs_baseline
0.016,0.6,active_vs_baseline
0.016,0.602,active_vs_baseline
0.016,0.604,active_vs_baseline
0.016,0.606,active_vs_baseline
0.016,0.608,active_vs_baseline
0.016,0.61,active_vs_baseline
0.016,0.612,active_vs_baseline
0.016,0.614,active_vs_baseline
0.016,0.616,active_vs_baseline
0.016,0.618,active_vs_baseline
0.016,0.62,active_vs_baseline
0.016,0.622,active_vs_baseline
0.016,0.624,active_vs_baseline
0.018,0.624,active_vs_baseline
0.018,0.626,active_vs_baseline
0.018,0.628,active_vs_baseline
0.018,0.63,active_vs_baseline
0.018,0.632,active_vs_baseline
0.02,0.632,active_vs_baseline
0.02,0.634,active_vs_baseline
0.02,0.636,active_vs_baseline
0.02,0.638,active_vs_baseline
0.02,0.64,active_vs_baseline
0.02,0.642,active_vs_baseline
0.02,0.644,active_vs_baseline
0.02,0.646,active_vs_baseline
0.02,0.648,active_vs_baseline
0.02,0.65,active_vs_baseline
0.02,0.652,active_vs_baseline
0.02,0.654,active_vs_baseline
0.02,0.656,active_vs_baseline
0.02,0.658,active_vs_baseline
0.02,0.66,active_vs_baseline
0.02,0.662,active_vs_baseline
0.02,0.664,active_vs_baseline
0.02,0.666,active_vs_baseline
0.02,0.668,active_vs_baseline
0.02,0.67,active_vs_baseline
0.022,0.67,active_vs_baseline
0.022,0.672,active_vs_baseline
0.022,0.674,active_vs_baseline
0.022,0.676,active_vs_baseline
0.022,0.678,active_vs_baseline
0.022,0.68,active_vs_baseline
0.022,0.682,active_vs_baseline
0.022,0.684,active_vs_baseline
0.022,0.686,active_vs_baseline
0.022,0.688,active_vs_baseline
0.022,0.69,active_vs_baseline
0.022,0.692,active_vs_baseline
0.022,0.694,active_vs_baseline
0.022,0.696,active_vs_baseline
0.022,0.698,active_vs_baseline
0.022,0.7,active_vs_baseline
0.022,0.702,active_vs_baseline
0.022,0.704,active_vs_baseline
0.022,0.706,active_vs_baseline
0.022,0.708,active_vs_baseline
0.022,0.71,active_vs_baseline
0.022,0.712,active_vs_baseline
0.022,0.714,active_vs_baseline
0.022,0.716,active_vs_baseline
0.022,0.718,active_vs_baseline
0.022,0.72,active_vs_baseline
0.022,0.722,active_vs_baseline
0.022,0.724,active_vs_baseline
0.022,0.726,active_vs_baseline
0.022,0.728,active_vs_baseline
0.022,0.73,active_vs_baseline
0.022,0.732,active_vs_baseline
0.022,0.734,active_vs_baseline
0.022,0.736,active_vs_baseline
0.022,0.738,active_vs_baseline
0.022,0.74,active_vs_baseline
0.022,0.742,active_vs_baseline
0.022,0.744,active_vs_baseline
0.022,0.746,active_vs_baseline
0.022,0.748,active_vs_baseline
0.024,0.748,active_vs_baseline
0.024,0.75,active_vs_baseline
0.024,0.752,active_vs_baseline
0.024,0.754,active_vs_baseline
0.026,0.754,active_vs_baseline
0.026,0.756,active_vs_baseline
0.028,0.756,active_vs_baseline
0.03,0.756,active_vs_baseline
0.03,0.758,active_vs_baseline
0.03,0.76,active_vs_baseline
0.03,0.762,active_vs_baseline
0.03,0.764,active_vs_baseline
0.032,0.764,active_vs_baseline
0.032,0.766,active_vs_baseline
0.032,0.77,active_vs_baseline
0.032,0.772,active_vs_baseline
0.032,0.774,active_vs_baseline
0.032,0.776,active_vs_baseline
0.032,0.778,active_vs_baseline
0.032,0.78,active_vs_baseline
0.032,0.782,active_vs_baseline
0.034,0.782,active_vs_baseline
0.034,0.784,active_vs_baseline
0.034,0.786,active_vs_baseline
0.034,0.788,active_vs_baseline
0.034,0.79,active_vs_baseline
0.034,0.792,active_vs_baseline
0.036,0.792,active_vs_baseline
0.036,0.794,active_vs_baseline
0.036,0.796,active_vs_baseline
0.036,0.798,active_vs_baseline
0.038,0.798,active_vs_baseline
0.038,0.8,active_vs_baseline
0.038,0.802,active_vs_baseline
0.038,0.804,active_vs_baseline
0.038,0.806,active_vs_baseline
0.038,0.808,active_vs_baseline
0.038,0.81,active_vs_baseline
0.038,0.812,active_vs_baseline
0.038,0.814,active_vs_baseline
0.038,0.816,active_vs_baseline
0.038,0.818,active_vs_baseline
0.038,0.82,active_vs_baseline
0.038,0.822,active_vs_baseline
0.038,0.824,active_vs_baseline
0.038,0.826,active_vs_baseline
0.04,0.826,active_vs_baseline
0.042,0.826,active_vs_baseline
0.042,0.828,active_vs_baseline
0.042,0.83,active_vs_baseline
0.044,0.83,active_vs_baseline
0.044,0.832,active_vs_baseline
0.044,0.834,active_vs_baseline
0.044,0.836,active_vs_baseline
0.044,0.838,active_vs_baseline
0.044,0.84,active_vs_baseline
0.046,0.84,active_vs_baseline
0.046,0.842,active_vs_baseline
0.046,0.844,active_vs_baseline
0.048,0.844,active_vs_baseline
0.048,0.846,active_vs_baseline
0.048,0.848,active_vs_baseline
0.05,0.848,active_vs_baseline
0.05,0.85,active_vs_baseline
0.052,0.85,active_vs_baseline
0.052,0.852,active_vs_baseline
0.054,0.852,active_vs_baseline
0.054,0.854,active_vs_baseline
0.054,0.856,active_vs_baseline
0.054,0.858,active_vs_baseline
0.054,0.86,active_vs_baseline
0.056,0.86,active_vs_baseline
0.058,0.86,active_vs_baseline
0.058,0.862,active_vs_baseline
0.058,0.864,active_vs_baseline
0.06,0.864,active_vs_baseline
0.062,0.864,active_vs_baseline
0.062,0.866,active_vs_baseline
0.062,0.868,active_vs_baseline
0.064,0.868,active_vs_baseline
0.064,0.87,active_vs_baseline
0.064,0.872,active_vs_baseline
0.064,0.874,active_vs_baseline
0.064,0.876,active_vs_baseline
0.064,0.878,active_vs_baseline
0.064,0.88,active_vs_baseline
0.066,0.88,active_vs_baseline
0.066,0.882,active_vs_baseline
0.068,0.882,active_vs_baseline
0.07,0.882,active_vs_baseline
0.072,0.882,active_vs_baseline
0.074,0.882,active_vs_baseline
0.074,0.884,active_vs_baseline
0.074,0.886,active_vs_baseline
0.076,0.886,active_vs_baseline
0.078,0.886,active_vs_baseline
0.08,0.886,active_vs_baseline
0.082,0.886,active_vs_baseline
0.082,0.888,active_vs_baseline
0.084,0.888,active_vs_baseline
0.084,0.89,active_vs_baseline
0.084,0.892,active_vs_baseline
0.084,0.894,active_vs_baseline
0.086,0.894,active_vs_baseline
0.088,0.894,active_vs_baseline
0.088,0.896,active_vs_baseline
0.088,0.898,active_vs_baseline
0.088,0.9,active_vs_baseline
0.088,0.902,active_vs_baseline
0.088,0.904,active_vs_baseline
0.088,0.906,active_vs_baseline
0.09,0.906,active_vs_baseline
0.092,0.906,active_vs_baseline
0.096,0.906,active_vs_baseline
0.096,0.908,active_vs_baseline
0.096,0.91,active_vs_baseline
0.098,0.91,active_vs_baseline
0.1,0.91,active_vs_baseline
0.102,0.91,active_vs_baseline
0.104,0.91,active_vs_baseline
0.104,0.912,active_vs_baseline
0.104,0.914,active_vs_baseline
0.106,0.914,active_vs_baseline
0.106,0.916,active_vs_baseline
0.106,0.918,active_vs_baseline
0.108,0.918,active_vs_baseline
0.108,0.92,active_vs_baseline
0.11,0.92,active_vs_baseline
0.112,0.92,active_vs_baseline
0.114,0.92,active_vs_baseline
0.116,0.92,active_vs_baseline
0.116,0.922,active_vs_baseline
0.118,0.922,active_vs_baseline
0.12,0.922,active_vs_baseline
0.122,0.922,active_vs_baseline
0.122,0.924,active_vs_baseline
0.124,0.924,active_vs_baseline
0.124,0.926,active_vs_baseline
0.126,0.926,active_vs_baseline
0.126,0.928,active_vs_baseline
0.128,0.928,active_vs_baseline
0.13,0.928,active_vs_baseline
0.132,0.928,active_vs_baseline
0.132,0.93,active_vs_baseline
0.134,0.93,active_vs_baseline
0.134,0.932,active_vs_baseline
0.136,0.932,active_vs_baseline
0.138,0.932,active_vs_baseline
0.14,0.932,active_vs_baseline
0.14,0.934,active_vs_baseline
0.142,0.934,active_vs_baseline
0.142,0.936,active_vs_baseline
0.142,0.938,active_vs_baseline
0.144,0.938,active_vs_baseline
0.144,0.942,active_vs_baseline
0.144,0.944,active_vs_baseline
0.146,0.944,active_vs_baseline
0.148,0.944,active_vs_baseline
0.15,0.944,active_vs_baseline
0.152,0.944,active_vs_baseline
0.154,0.944,active_vs_baseline
0.156,0.944,active_vs_baseline
0.156,0.946,active_vs_baseline
0.158,0.946,active_vs_baseline
0.16,0.946,active_vs_baseline
0.162,0.946,active_vs_baseline
0.162,0.948,active_vs_baseline
0.164,0.948,active_vs_baseline
0.166,0.948,active_vs_baseline
0.168,0.948,active_vs_baseline
0.168,0.95,active_vs_baseline
0.17,0.95,active_vs_baseline
0.17,0.952,active_vs_baseline
0.172,0.952,active_vs_baseline
0.174,0.952,active_vs_baseline
0.176,0.952,active_vs_baseline
0.176,0.954,active_vs_baseline
0.178,0.954,active_vs_baseline
0.178,0.956,active_vs_baseline
0.18,0.956,active_vs_baseline
0.182,0.956,active_vs_baseline
0.184,0.956,active_vs_baseline
0.186,0.956,active_vs_baseline
0.188,0.956,active_vs_baseline
0.19,0.956,active_vs_baseline
0.192,0.956,active_vs_baseline
0.192,0.958,active_vs_baseline
0.194,0.958,active_vs_baseline
0.196,0.958,active_vs_baseline
0.198,0.958,active_vs_baseline
0.2,0.958,active_vs_baseline
0.202,0.958,active_vs_baseline
0.204,0.958,active_vs_baseline
0.206,0.958,active_vs_baseline
0.208,0.958,active_vs_baseline
0.208,0.96,active_vs_baseline
0.21,0.96,active_vs_baseline
0.212,0.96,active_vs_baseline
0.212,0.962,active_vs_baseline
0.214,0.962,active_vs_baseline
0.216,0.962,active_vs_baseline
0.218,0.962,active_vs_baseline
0.22,0.962,active_vs_baseline
0.222,0.962,active_vs_baseline
0.224,0.962,active_vs_baseline
0.226,0.962,active_vs_baseline
0.228,0.962,active_vs_baseline
0.23,0.962,active_vs_baseline
0.232,0.962,active_vs_baseline
0.234,0.962,active_vs_baseline
0.236,0.962,active_vs_baseline
0.238,0.962,active_vs_baseline
0.238,0.964,active_vs_baseline
0.238,0.966,active_vs_baseline
0.24,0.966,active_vs_baseline
0.242,0.966,active_vs_baseline
0.244,0.966,active_vs_baseline
0.246,0.966,active_vs_baseline
0.248,0.966,active_vs_baseline
0.25,0.966,active_vs_baseline
0.252,0.966,active_vs_baseline
0.254,0.966,active_vs_baseline
0.256,0.966,active_vs_baseline
0.258,0.966,active_vs_baseline
0.26,0.966,active_vs_baseline
0.26,0.968,active_vs_baseline
0.262,0.968,active_vs_baseline
0.264,0.968,active_vs_baseline
0.266,0.968,active_vs_baseline
0.268,0.968,active_vs_baseline
0.268,0.97,active_vs_baseline
0.268,0.972,active_vs_baseline
0.27,0.972,active_vs_baseline
0.272,0.972,active_vs_baseline
0.274,0.972,active_vs_baseline
0.276,0.972,active_vs_baseline
0.278,0.972,active_vs_baseline
0.28,0.972,active_vs_baseline
0.282,0.972,active_vs_baseline
0.282,0.974,active_vs_baseline
0.282,0.976,active_vs_baseline
0.284,0.976,active_vs_baseline
0.284,0.978,active_vs_baseline
0.286,0.978,active_vs_baseline
0.288,0.978,active_vs_baseline
0.29,0.978,active_vs_baseline
0.292,0.978,active_vs_baseline
0.294,0.978,active_vs_baseline
0.296,0.978,active_vs_baseline
0.298,0.978,active_vs_baseline
0.3,0.978,active_vs_baseline
0.3,0.98,active_vs_baseline
0.302,0.98,active_vs_baseline
0.304,0.98,active_vs_baseline
0.306,0.98,active_vs_baseline
0.308,0.98,active_vs_baseline
0.31,0.98,active_vs_baseline
0.312,0.98,active_vs_baseline
0.314,0.98,active_vs_baseline
0.316,0.98,active_vs_baseline
0.318,0.982,active_vs_baseline
0.32,0.982,active_vs_baseline
0.322,0.982,active_vs_baseline
0.324,0.982,active_vs_baseline
0.326,0.982,active_vs_baseline
0.328,0.982,active_vs_baseline
0.33,0.982,active_vs_baseline
0.332,0.982,active_vs_baseline
0.334,0.982,active_vs_baseline
0.336,0.982,active_vs_baseline
0.338,0.982,active_vs_baseline
0.34,0.982,active_vs_baseline
0.342,0.982,active_vs_baseline
0.344,0.982,active_vs_baseline
0.346,0.982,active_vs_baseline
0.346,0.984,active_vs_baseline
0.348,0.984,active_vs_baseline
0.35,0.984,active_vs_baseline
0.352,0.984,active_vs_baseline
0.354,0.984,active_vs_baseline
0.356,0.984,active_vs_baseline
0.358,0.984,active_vs_baseline
0.36,0.984,active_vs_baseline
0.362,0.984,active_vs_baseline
0.364,0.984,active_vs_baseline
0.366,0.984,active_vs_baseline
0.368,0.984,active_vs_baseline
0.37,0.984,active_vs_baseline
0.372,0.984,active_vs_baseline
0.374,0.984,active_vs_baseline
0.376,0.984,active_vs_baseline
0.378,0.984,active_vs_baseline
0.38,0.984,active_vs_baseline
0.384,0.984,active_vs_baseline
0.386,0.984,active_vs_baseline
0.388,0.984,active_vs_baseline
0.39,0.984,active_vs_baseline
0.392,0.984,active_vs_baseline
0.394,0.984,active_vs_baseline
0.396,0.984,active_vs_baseline
0.398,0.984,active_vs_baseline
0.4,0.984,active_vs_baseline
0.402,0.984,active_vs_baseline
0.404,0.984,active_vs_baseline
0.404,0.986,active_vs_baseline
0.404,0.988,active_vs_baseline
0.406,0.988,active_vs_baseline
0.406,0.99,active_vs_baseline
0.408,0.99,active_vs_baseline
0.41,0.99,active_vs_baseline
0.412,0.99,active_vs_baseline
0.414,0.99,active_vs_baseline
0.416,0.99,active_vs_baseline
0.418,0.99,active_vs_baseline
0.42,0.99,active_vs_baseline
0.422,0.99,active_vs_baseline
0.424,0.99,active_vs_baseline
0.426,0.99,active_vs_baseline
0.428,0.99,active_vs_baseline
0.43,0.99,active_vs_baseline
0.432,0.99,active_vs_baseline
0.434,0.99,active_vs_baseline
0.436,0.99,active_vs_baseline
0.438,0.99,active_vs_baseline
0.44,0.99,active_vs_baseline
0.442,0.99,active_vs_baseline
0.444,0.99,active_vs_baseline
0.446,0.99,active_vs_baseline
0.448,0.99,active_vs_baseline
0.45,0.99,active_vs_baseline
0.452,0.99,active_vs_baseline
0.454,0.99,active_vs_baseline
0.456,0.99,active_vs_baseline
0.458,0.99,active_vs_baseline
0.46,0.99,active_vs_baseline
0.462,0.99,active_vs_baseline
0.464,0.99,active_vs_baseline
0.466,0.99,active_vs_baseline
0.468,0.99,active_vs_baseline
0.47,0.99,active_vs_baseline
0.472,0.99,active_vs_baseline
0.474,0.99,active_vs_baseline
0.476,0.99,active_vs_baseline
0.478,0.99,active_vs_baseline
0.48,0.99,active_vs_baseline
0.482,0.99,active_vs_baseline
0.484,0.99,active_vs_baseline
0.486,0.99,active_vs_baseline
0.488,0.99,active_vs_baseline
0.49,0.992,active_vs_baseline
0.492,0.992,active_vs_baseline
0.494,0.992,active_vs_baseline
0.496,0.992,active_vs_baseline
0.498,0.992,active_vs_baseline
0.5,0.992,active_vs_baseline
0.502,0.992,active_vs_baseline
0.504,0.992,active_vs_baseline
0.506,0.992,active_vs_baseline
0.508,0.992,active_vs_baseline
0.508,0.994,active_vs_baseline
0.51,0.994,active_vs_baseline
0.512,0.994,active_vs_baseline
0.514,0.994,active_vs_baseline
0.516,0.994,active_vs_baseline
0.518,0.994,active_vs_baseline
0.52,0.994,active_vs_baseline
0.522,0.994,active_vs_baseline
0.524,0.994,active_vs_baseline
0.526,0.994,active_vs_baseline
0.528,0.994,active_vs_baseline
0.53,0.994,active_vs_baseline
0.532,0.994,active_vs_baseline
0.534,0.994,active_vs_baseline
0.536,0.994,active_vs_baseline
0.538,0.994,active_vs_baseline
0.54,0.994,active_vs_baseline
0.542,0.994,active_vs_baseline
0.544,0.994,active_vs_baseline
0.546,0.994,active_vs_baseline
0.548,0.994,active_vs_baseline
0.55,0.994,active_vs_baseline
0.552,0.994,active_vs_baseline
0.554,0.994,active_vs_baseline
0.556,0.994,active_vs_baseline
0.558,0.994,active_vs_baseline
0.56,0.994,active_vs_baseline
0.562,0.994,active_vs_baseline
0.562,0.996,active_vs_baseline
0.564,0.996,active_vs_baseline
0.566,0.996,active_vs_baseline
0.568,0.996,active_vs_baseline
0.57,0.996,active_vs_baseline
0.572,0.996,active_vs_baseline
0.576,0.996,active_vs_baseline
0.578,0.996,active_vs_baseline
0.58,0.996,active_vs_baseline
0.582,0.996,active_vs_baseline
0.584,0.996,active_vs_baseline
0.586,0.996,active_vs_baseline
0.586,0.998,active_vs_baseline
0.588,0.998,active_vs_baseline
0.59,0.998,active_vs_baseline
0.592,0.998,active_vs_baseline
0.594,0.998,active_vs_baseline
0.596,0.998,active_vs_baseline
0.598,0.998,active_vs_baseline
0.6,0.998,active_vs_baseline
0.602,0.998,active_vs_baseline
0.604,0.998,active_vs_baseline
0.606,0.998,active_vs_baseline
0.608,0.998,active_vs_baseline
0.61,0.998,active_vs_baseline
0.612,0.998,active_vs_baseline
0.614,0.998,active_vs_baseline
0.616,0.998,active_vs_baseline
0.618,0.998,active_vs_baseline
0.62,0.998,active_vs_baseline
0.622,0.998,active_vs_baseline
0.624,0.998,active_vs_baseline
0.626,0.998,active_vs_baseline
0.628,0.998,active_vs_baseline
0.63,0.998,active_vs_baseline
0.632,0.998,active_vs_baseline
0.634,0.998,active_vs_baseline
0.636,0.998,active_vs_baseline
0.638,0.998,active_vs_baseline
0.64,0.998,active_vs_baseline
0.642,0.998,active_vs_baseline
0.644,0.998,active_vs_baseline
0.646,0.998,active_vs_baseline
0.648,0.998,active_vs_baseline
0.65,0.998,active_vs_baseline
0.652,0.998,active_vs_baseline
0.654,0.998,active_vs_baseline
0.656,0.998,active_vs_baseline
0.658,0.998,active_vs_baseline
0.66,0.998,active_vs_baseline
0.662,0.998,active_vs_baseline
0.664,0.998,active_vs_baseline
0.666,0.998,active_vs_baseline
0.668,0.998,active_vs_baseline
0.67,0.998,active_vs_baseline
0.672,0.998,active_vs_baseline
0.674,0.998,active_vs_baseline
0.676,0.998,active_vs_baseline
0.678,0.998,active_vs_baseline
0.68,0.998,active_vs_baseline
0.682,0.998,active_vs_baseline
0.684,0.998,active_vs_baseline
0.686,0.998,active_vs_baseline
0.688,0.998,active_vs_baseline
0.69,0.998,active_vs_baseline
0.692,0.998,active_vs_baseline
0.694,0.998,active_vs_baseline
0.696,0.998,active_vs_baseline
0.7,0.998,active_vs_baseline
0.702,0.998,active_vs_baseline
0.704,0.998,active_vs_baseline
0.706,0.998,active_vs_baseline
0.708,0.998,active_vs_baseline
0.71,0.998,active_vs_baseline
0.712,0.998,active_vs_baseline
0.714,0.998,active_vs_baseline
0.716,0.998,active_vs_baseline
0.718,0.998,active_vs_baseline
0.72,0.998,active_vs_baseline
0.722,0.998,active_vs_baseline
0.724,0.998,active_vs_baseline
0.726,0.998,active_vs_baseline
0.728,0.998,active_vs_baseline
0.73,0.998,active_vs_baseline
0.732,0.998,active_vs_baseline
0.734,0.998,active_vs_baseline
0.736,0.998,active_vs_baseline
0.738,0.998,active_vs_baseline
0.74,0.998,active_vs_baseline
0.742,0.998,active_vs_baseline
0.744,0.998,active_vs_baseline
0.746,0.998,active_vs_baseline
0.748,0.998,active_vs_baseline
0.75,0.998,active_vs_baseline
0.752,0.998,active_vs_baseline
0.754,0.998,active_vs_baseline
0.756,0.998,active_vs_baseline
0.758,0.998,active_vs_baseline
0.76,0.998,active_vs_baseline
0.762,0.998,active_vs_baseline
0.764,0.998,active_vs_baseline
0.766,0.998,active_vs_baseline
0.768,0.998,active_vs_baseline
0.77,0.998,active_vs_baseline
0.772,0.998,active_vs_baseline
0.772,1.0,active_vs_baseline
0.774,1.0,active_vs_baseline
0.776,1.0,active_vs_baseline
0.778,1.0,active_vs_baseline
0.78,1.0,active_vs_baseline
0.782,1.0,active_vs_baseline
0.784,1.0,active_vs_baseline
0.786,1.0,active_vs_baseline
0.788,1.0,active_vs_baseline
0.79,1.0,active_vs_baseline
0.792,1.0,active_vs_baseline
0.794,1.0,active_vs_baseline
0.796,1.0,active_vs_baseline
0.798,1.0,active_vs_baseline
0.8,1.0,active_vs_baseline
0.802,1.0,active_vs_baseline
0.804,1.0,active_vs_baseline
0.806,1.0,active_vs_baseline
0.808,1.0,active_vs_baseline
0.81,1.0,active_vs_baseline
0.812,1.0,active_vs_baseline
0.814,1.0,active_vs_baseline
0.816,1.0,active_vs_baseline
0.818,1.0,active_vs_baseline
0.82,1.0,active_vs_baseline
0.822,1.0,active_vs_baseline
0.824,1.0,active_vs_baseline
0.826,1.0,active_vs_baseline
0.828,1.0,active_vs_baseline
0.83,1.0,active_vs_baseline
0.832,1.0,active_vs_baseline
0.834,1.0,active_vs_baseline
0.836,1.0,active_vs_baseline
0.838,1.0,active_vs_baseline
0.84,1.0,active_vs_baseline
0.842,1.0,active_vs_baseline
0.844,1.0,active_vs_baseline
0.846,1.0,active_vs_baseline
0.848,1.0,active_vs_baseline
0.85,1.0,active_vs_baseline
0.852,1.0,active_vs_baseline
0.854,1.0,active_vs_baseline
0.856,1.0,active_vs_baseline
0.858,1.0,active_vs_baseline
0.86,1.0,active_vs_baseline
0.862,1.0,active_vs_baseline
0.864,1.0,active_vs_baseline
0.866,1.0,active_vs_baseline
0.868,1.0,active_vs_baseline
0.87,1.0,active_vs_baseline
0.872,1.0,active_vs_baseline
0.874,1.0,active_vs_baseline
0.876,1.0,active_vs_baseline
0.878,1.0,active_vs_baseline
0.88,1.0,active_vs_baseline
0.882,1.0,active_vs_baseline
0.884,1.0,active_vs_baseline
0.886,1.0,active_vs_baseline
0.888,1.0,active_vs_baseline
0.89,1.0,active_vs_baseline
0.892,1.0,active_vs_baseline
0.894,1.0,active_vs_baseline
0.896,1.0,active_vs_baseline
0.898,1.0,active_vs_baseline
0.9,1.0,active_vs_baseline
0.902,1.0,active_vs_baseline
0.904,1.0,active_vs_baseline
0.908,1.0,active_vs_baseline
0.91,1.0,active_vs_baseline
0.912,1.0,active_vs_baseline
0.914,1.0,active_vs_baseline
0.916,1.0,active_vs_baseline
0.918,1.0,active_vs_baseline
0.92,1.0,active_vs_baseline
0.922,1.0,active_vs_baseline
0.924,1.0,active_vs_baseline
0.926,1.0,active_vs_baseline
0.928,1.0,active_vs_baseline
0.93,1.0,active_vs_baseline
0.932,1.0,active_vs_baseline
0.934,1.0,active_vs_baseline
0.936,1.0,active_vs_baseline
0.938,1.0,active_vs_baseline
0.94,1.0,active_vs_baseline
0.942,1.0,active_vs_baseline
0.944,1.0,active_vs_baseline
0.946,1.0,active_vs_baseline
0.948,1.0,active_vs_baseline
0.95,1.0,active_vs_baseline
0.952,1.0,active_vs_baseline
0.954,1.0,active_vs_baseline
0.956,1.0,active_vs_baseline
0.958,1.0,active_vs_baseline
0.96,1.0,active_vs_baseline
0.962,1.0,active_vs_baseline
0.964,1.0,active_vs_baseline
0.966,1.0,active_vs_baseline
0.968,1.0,active_vs_baseline
0.97,1.0,active_vs_baseline
0.972,1.0,active_vs_baseline
0.974,1.0,active_vs_baseline
0.976,1.0,active_vs_baseline
0.978,1.0,active_vs_baseline
0.98,1.0,active_vs_baseline
0.982,1.0,active_vs_baseline
0.984,1.0,active_vs_baseline
0.986,1.0,active_vs_baseline
0.988,1.0,active_vs_baseline
0.99,1.0,active_vs_baseline
0.992,1.0,active_vs_baseline
0.994,1.0,active_vs_baseline
0.996,1.0,active_vs_baseline
0.998,1.0,active_vs_baseline
1.0,1.0,active_vs_baseline
1.0,1.0,active_vs_baseline
